name,firstname,birthdate
ALMAHSANI,URANIE,15/12/1983
MIZENKO,AYANNA,15/01/1987
THEEUWS,JEAN-JACQUES,03/06/1987
BELMENT,MARIE-CAROLINE,29/10/1988
OSEPIAN,MARIE-LYSE,19/09/1964
REVONDRE,ANGÈLE,14/02/1970
DELUSSAC,CATHERINE,24/06/1968
JERCO,EDWINA,29/08/1977
TOSTALIAN,ROSARIO,26/10/1975
HESL,HAKAN,25/07/1987
AWULETEY KODJO,WYLLIAM,08/04/1987
POCHMALICKI BRAUN,AÏSSATOU,31/07/1987
MILA GEORGIEVA,GOKAY,16/10/1995
L'ECU,MATIA,18/05/1987
CHAAHOUB,IBTISEM,20/11/1988
LIEPMANNSSOHN,SEIF,15/09/1987
DE BONDT,GRAZIANO,17/08/1963
HOSEA,BERHAN,25/01/1987
DJENANGI,NORREDINE,14/04/1970
GUSTEAU,ABDEL-KRIM,01/04/1963
BENASKEUR,CLAUDY,01/07/1969
KEKHOSRAVI MOGHADAM,KHASSIM,25/03/1987
INSANALI,QUITTERIE,09/09/1970
PELLICORO,SOPHIANE,14/11/1999
CASSUT,LESLIE,16/10/1968
BROKOUA SERY,DANILO,14/01/1964
SZYLKRE,GUSTAVE,29/11/1972
SALTURK,ATTILA,28/11/1987
DALLA PIAZZA,SMAÏL,08/02/1975
DOMPSIN,SANTA,05/02/1981
CORIVAUD,COME,14/10/1978
DE KERLIVIO,GABRIEL,15/12/1984
OULALI,TAIEB,26/04/1986
MAZANDIRA,SIMON-PIERRE,11/10/1980
BOUNECISSA,RADOINE,30/09/1982
SZONYL,LOIG,20/11/1987
GANCIA,MADIHA,06/03/1994
FRICKER,JACQUES-HENRI,11/09/1977
GODBIL,ELAINE,23/05/1993
GRAEFF,SAIDA,11/10/1973
TJON ATJOOI,OSSAMA,13/01/1987
STENZER,JUDEX,15/02/1978
VIDAU,NARJIS,22/02/1995
WYEISLOK,MARIN,12/03/1990
NAPOLEON,HYACINTHE,28/02/1988
MCGINTY,REBECCA,22/04/1996
PACHECO SAINSBURY,JEAN-FÉLIX,23/10/1971
BOUDRAT,CYRIANE,10/11/1987
VYEUR,MICHAËLE,12/08/1970
HELET,MARIE-MICHELLE,17/08/1993
KRISTENBRUN,JOE,12/08/1965
BIGEONNEAU,LOUNES,07/06/1996
BROTA,ANNICK,28/09/1972
BOU CHABAKE,LAUDINE,11/06/1985
SANGNEZ,KARINNE,06/02/1967
EL LOH,VINCENZA,10/10/1975
BANNEL,MANNY,05/05/1987
PECONDON MONTGAILLARD,MAEL,12/10/1979
COSTOPOULOS,TAHAR,17/04/1975
BAHDANETS,MARIE-LISE,04/02/1987
MARCIAK,WASILA,17/07/1986
KAYALIK,ANTHONY,31/07/2000
CRISTUS,JEAN-JACK,07/04/1970
GEIB,CLAUDIE,28/12/1963
COURREAUX,MIRAN,06/06/1987
LAGEORGES,ZINEDDINE,19/07/1987
D HEUDIERES,ANNE-PAULE,27/06/1977
DUCRECHE,MURAT,22/07/1979
KURKTCHYAN,OTMANE,04/06/1987
BOUDINE,ANNYVONNE,12/11/1964
BALDUCCI,MARIE-JEANNE,26/10/1980
ALVES DE OLIVEIR,CYRILLE,30/08/1971
MOREAU DE MELEN,ARAB,07/09/1972
BABOUARD,SELIMA,03/02/1963
SAHKI,MARIANNE,05/03/1987
NDALA LOUIKA,HALLAN,21/12/2001
CARVANA,ZACCHARIE,10/12/1998
FRANCHISET,MARIE-JOSIANE,18/08/1968
BOLOVAN,ANGELITA,16/04/1966
SCHOETTEL,ANISSE,25/09/1982
ZAINOU,NURIA,28/11/1966
VERILLO,JORJE,16/11/1975
CHAFANGEON,ABBAS,08/10/1973
MUKE KIFINAMENE,DOUNYA,04/12/1996
ABOLY,ANNE-CAROLE,08/02/1969
MOUTOUARI VOUALA,BENAMAR,18/04/1990
VACARELLA,SALIH,11/10/1995
KATIA LOUISA CHAAL,THAIS,01/03/1971
GUYENNARD,ATIKA,24/06/1995
CUVILLY,TEYM,26/06/1987
PEREIRA DOVALE,ALEXANDRINE,25/10/1968
KIRGUS,SORAYA,15/11/1967
BERENGOLC,OUSAMA,06/08/2000
BOURGEIOS,CONSUELO,28/02/1972
ARNSWALD,FAROUDJA,03/11/1982
JOURDA DE VAUX DE CHABANOLLES,ARIELE,12/06/1966
REKKAH,JULIETTE,13/02/1986
TABACCHI,FALONE,01/02/1987
LOLAS,VIVIENNE,14/03/1993
CONSENTIEN,MARCEL,09/07/1969
JALAIS,DONYA,05/12/1972
PARALITICI,FORTUNEE,15/10/1967
DE COMBARIEU,YOHAN,03/09/1968
ADAMCZEWSKA,YANISSE,22/09/2000
GEANDIER,JACKY,30/10/1981
CHARFALI,SALOI,06/11/1995
DERAMSSI,ABDELSALEM,04/08/1972
GUEZURAGA MARCUERQUIAGA,MARCELIN,13/04/1981
MACHADO AZEVEDO,LUCKY,04/08/1967
MALLISON,AUDE-LINE,19/08/1992
LAMONDES,JUSTO,13/06/1971
PICON RODRIGUEZ,WASSIMA,23/03/1994
SALOMON DE SAINT CERNIN,MARIE-PASCALE,18/08/1965
BARUNI,ELIE,05/11/1964
ATTO,EÏDEN,09/03/1987
RAHAHLA,ABDEL-MALIK,04/10/1974
BIGEX,MARCEAU,01/07/1971
KHENAFOU,MANOAH,02/10/1995
DREVETON,ALISON,24/12/1964
NZOBADILA BELA,CHEIK,18/04/1996
LEVILLET,MICHAEL,27/09/1992
PIRES DE ALMEIDA,SYLVESTRE,05/09/1969
OHOLANGA,TIAGO,16/04/1983
CONSCIANCE,JOHNY,03/11/1986
MAKITA,MARIE-PIA,30/10/2000
TRIVULCE,MILTON,17/11/1996
AWINATI,SOUHAIL,14/04/1996
RYCKEWEART,MARIE-LOURDES,16/11/1965
SERKOUKOU,LINDY,09/11/1996
BERTOLLI,FLAVIENNE,01/03/1965
WILDAY,NOLWENN,04/05/1997
SEGHIN,BRUCE,15/08/1970
OTMANE TELBA,ELIO,21/06/1994
CLOUGHLEY,HAMIDOU,17/09/1986
PODGLAJEN,HATICE,18/06/1980
TCHADIRDJIAN,WLADIMIR,28/01/1973
ELHMADI,DANNY,05/04/1969
BOUBACAR OUMAROU,KARINE,30/03/1976
BOUELAJNAT,PIERRE-MARIE,14/11/1978
ACIEN ALARCON,STEEVES,02/02/1969
TIRGOALA,STANY,07/09/1974
BONNET GAMARD,HEILANI,16/02/1987
BAL HENRI,BENEDICTE,25/01/1987
SOKOURI,SALVATOR,11/10/1967
HOURTIGUET,ROSITE,03/03/1964
VOLDOIR,AZAD,07/11/1987
CHARLESTIN,GULER,07/05/1986
ZECCHINATI,RHANIA,18/07/1973
HAAS CHRISTENSEN,SOREN,04/03/1987
GARGOURI,NEJLA,13/09/1976
WATRIN CLAUDE,HAFID,11/03/1981
SALSAMENDI,JOËLLE,30/12/1963
VITONE,MORGANA,15/01/1985
RAMEIX,JONAS,26/10/1963
PICAVET GARNOTEL,HOUCINE,28/07/1972
GLUCKMANN,TRINITE,11/01/1971
RAWLYK,MEDERICK,02/04/1997
SOLEYROL,GUSTAVE,15/10/1994
CARDYN,PIERRE-LOUIS,11/03/1999
CALICIS,MONTSERRAT,02/02/1967
LAZCANO AHUMADA,HARVEY,11/09/1990
ZEMMOIR,MILÈNE,16/06/1982
ELIMRANI,LORAINE,20/12/1965
PEREZ INIGO,OLIVE,03/01/1972
HUTTIER,CLÉO,18/11/1991
AUBIN DE BLANPRE,MARIE-JESUS,12/04/1969
PERELLA,BEGONA,03/11/1964
LANCHEG,ABDESSLAM,20/01/1965
BEURRE,ALIZE,08/04/1987
VIRETTO,NAWFEL,01/12/1994
DUBIE,OLIVIA,21/06/1973
MATASSONI,MARIA-THERESA,29/10/1977
QUILITZ,SLIM,07/10/1987
LOSTYS,FADELLA,29/07/1966
DA ROCHA MARIANO,CARMELA,25/08/1997
MILLIEN PETOUX,MOUNYA,20/10/1976
VERBEC,ALOIS,05/12/1983
PERNICONE,IYES,07/01/1987
DARMAIZIN,PHOEBE,28/07/1993
CUNA GENERAUX,LUIZA,09/08/1969
SENHATI HADAR,REINALD,26/01/1965
AQLEH,SCHEILA,21/02/1968
OLIVEIROS ESTEVES,KRISTOFER,10/05/1987
MENGANT,AYHAN,03/05/1987
THEROULDE,MOUADH,09/04/1987
MIGOM,AÏCHA,19/06/1968
SUREAULT,MARIA-TERESA,07/02/1968
BRUNAY,ILEA,28/08/1999
MILBANK,CHAHINAZ,19/01/1997
CHELES RODRIGUES,DORYANE,13/09/1993
ORTEGA BRIZ,ABDOULKARIM,21/08/1987
BROUTE,MODI,25/04/1985
RAYAS,DORCAS,04/11/1982
SZYSKOWICZ,YUKSEL,08/03/1998
DIMITRAKOPOULOU,OSSIAN,08/03/1996
MBENDA TCHABA,MAHMUT,05/07/2001
VIE DANIEL,MOULAY,19/03/1968
REHOUHI,SEGHIR,24/08/1972
TANNUCCI,YVONNE,11/05/1970
YANS,GONZAGUE,14/09/1966
CROPP,BEGONA,20/11/1974
BENMADANI,MAURIANE,10/01/1995
KOELBLEN,FOUSSENY,06/10/2001
CONNEN,PATRICIO,24/07/1969
DA SILVA DOS SANTOS,FRANÇOIS-REGIS,12/12/1974
ANGIULLI,UMUT,28/06/2001
VE BAROU,JOFFRAY,03/04/1992
MCKEE,IWAN,20/05/1996
SCHWABEN,NEBOJSA,26/05/1973
TYAS,RICHEMONT,14/07/1967
LANGA,DOROTHEE,26/10/1972
AGBALE,BAPTISTIN,28/11/1994
DOURHBACHE,MAYA,19/06/1988
MODJALLAL,JOANNÈS,18/09/1987
HULPUSCH,SADIK,19/07/1976
JAVANROOD,CYRIAQUE,18/12/1991
GRASTAIN,CHRISTEL,23/09/1990
PANISSON,JORJE,16/03/1968
SUNYACH,JOSELYNE,13/09/1968
LACOUCHIE,KEYAN,13/07/1987
AZZIZ,UMMAHAN,23/04/1980
VILLAR GRANADOS,SALIM,23/06/1986
HULS,DANTE,16/09/1997
DESBARATZ,OCULI,11/07/1963
BAURIS,LOICK,23/11/1963
CANAL BRUNET,BART,24/02/1963
EVRARD GUES,BIANCA,06/07/1966
BAQUA,FERNANDO,25/10/1969
SATRAOUI,RENÉ,13/01/1984
THOREUX,LEOPOLD,15/09/1984
REBES D ARENY,MOUNIR,14/10/1987
SUSAREISHVILI,PRINCESSE,05/08/2001
SERFIAT,ZINEDINE,21/12/1969
RAMIANDRASOA,CATHIA,30/05/1963
PASLIN,ALISA,28/01/1977
DE HARENNE,TOUSSAINTE,14/04/1965
H'NINI,NATALIE,09/11/1970
HOCHE DELCHET,NEBOJSA,26/03/1969
BARAITARU,THIEBAUT,27/06/1972
ALYAJJOUTI,NICOLE,01/07/1965
PUMPHREY,BRUNY,24/02/1967
BOUOLI,ILYESS,01/06/1987
BERUTTI,WAREN,18/08/1993
MARDENALOM,FREDERIK,09/09/1999
SANSINENA,ABDELAKIM,19/01/1969
RYNKOWSKI,JUSTE,14/06/1964
DEBRUYCKERE,SOFIANE,30/08/1988
CORSETTI,ÉLISABETH,20/04/1966
KANGA DONGOU,LAOUARI,03/06/1970
TINTILLIER MATTHIEU,MANOLO,28/02/1997
PENA MEZA,JEAN-HUBERT,24/11/1982
DJALO WELLEZ CABRAL,EULALIE,15/04/1964
FRAST,SOIZIC,16/06/1972
LOPEZ BARRANTES,MAIA,18/03/1977
KLEINE,KIMBERLEY,05/01/1988
HERRLEMANN,MADISON,26/12/1987
CHAIRI,ADRIENNE,17/04/1976
GACONIER,MOKTAR,22/07/1965
SEDZE,EVANN,29/07/1996
BARRELA,FRANCKIE,28/03/1972
VESILEV,ELEN,22/01/2001
CATTIAUT,ANGELIQUE,06/02/1967
BENAETS,JEAN-GÉRARD,17/11/1964
ONEMA DOLA,NEDJMA,15/08/1994
LAGUERRE CAMY,SABRINE,17/08/1968
KONG SINH,MATHILDE,11/01/1981
VERJANS,KRYSTELLE,22/04/1989
GARNIER GIRARD,CLÉMENT,08/09/1968
DEL CHATEAU,GREGORIO,29/12/1968
CHANCHORLE,CHELSEA,23/05/1996
SCHAUWERTH,NURAY,20/09/2001
RAWIK,ANDRÉE,31/01/1997
CHAN YAT TSEUNG,MARINA,01/09/1972
VYSHYNSKA,ALICAN,23/09/1997
BEN MAMAR,JUDICAËL,23/03/1993
BEN CHORBENE,LICIA,04/10/1987
LERET,MICHELLA,11/11/1999
ANSIDET,MALO,12/07/1980
LATECOERE,ABDELHAKIM,16/06/1987
ISRI,EVRARD,28/10/1989
LOUAA,DIEGO,29/07/1971
EISHIMA,BENILDE,14/06/1970
LE VITOUX,KAHIL,21/01/1987
PISTOLA,NATIVITE,20/02/1966
SUCHET D'ALBUFERA,ELEONOR,11/07/1971
KUNGEL,ADELINA,14/06/1976
ZARETTI,ORHAN,10/02/1989
UGLIEGA,GUEWEN,18/11/1980
POROSIAN,MARIA-TERESA,01/08/1977
SENIMON,CORINA,18/04/1968
DIAGUE,NIKOS,11/07/1987
COINDEAUX,ISRAEL,06/11/1990
AGENJO,ESTELE,30/09/1972
FARROUGIA,RAJAE,13/01/1993
FAUCHERIE,LISENN,05/03/1987
ZETTWUG,LUIGI,10/12/1971
HOCHARD SCHMITT,COLETTE,21/12/1973
DUCARDONNOY,SANOUSSI,27/02/1992
DONCOURT BANDELIER,JOSSE,24/01/1987
TILLIETTE,LANDELINE,06/08/1987
NE CLAUDE,AFEF,04/05/1980
RATSIMBARISON,CLÉORE,01/03/1987
POVAZAN,ALICE,30/08/1966
EZZET,ABDEL-NASSER,19/12/1988
DEARO,ZOUHEIR,16/07/1991
LILLAZ,SALAH,20/09/1968
TRESSERE,NAURA,02/12/1993
ALI HAFIDOU,ISAAC,04/01/1968
COPPA,FAROUK,20/03/1971
KOE EPSE,GILDO,23/03/1963
BEN AOUJJA,LAURY,09/05/1996
ZARHBOUCH,REGINALD,19/09/1968
BALTARD,MARIA-TERESA,24/10/1978
ROGANEAU,KARENNE,25/08/1972
KUSZEJ,FRANCKLIN,06/08/1967
JOUIVENAUX,JEAN-MARCEL,24/06/1963
ELENI DIT TROLLI,ABDE,30/12/1987
GONZALEZ DE ARMAS,MAXIME,13/09/1965
KHEFALLAH,FATAH,30/07/1971
SATINET,KELTOUM,16/05/1983
RAMELLA PAJRIN,HEDIA,30/11/1982
GORJANSKI,SERDAR,10/01/1992
DECAUGUE,ASTRIDE,29/07/1993
DEFOLIE,RUDOLF,22/07/1971
APOSTOLIUC,FLORAINE,11/06/1987
DUBACQ,CALOGERO,23/01/1964
CHAMBOULAN,LORRIE,10/04/1991
PUDLICKI,FRANTZ,01/11/1964
KHIRIDIAN,MORAD,19/03/1963
TREGOU,FABRICIA,15/05/1969
NAFTEL,JASON,22/05/1988
REIST,CEDRINE,17/01/1971
CKIKHANI,MARIE-PIERRE,06/11/1963
ULMI,ASTREE,03/09/1987
DELMAS LORDEY,JEZEKAEL,23/03/1980
FRANCHELLO,GABY,06/09/1963
ALUERNHE,MANASSE,14/12/1987
CHERVENKOVA,FAWZI,30/12/1972
SCARDONI,RAHIMA,10/08/1968
MONTELIMARD,FRANCKY,07/11/1969
CAPELLINO,MASSAMBA,05/08/1986
DEVITERNE,PIERRE-ANTOINE,30/07/1983
MOUZOUN,MIKHAEL,21/04/1992
COELHO BARREIROS ESTEVES,MARYAN,11/08/1994
ZVINYS,GHYSLAIN,07/12/1965
COUTRAULT,JEAN-JACQUES,28/04/1967
EL HORMI,SOUFYAN,01/09/1994
BENHAHOU,MAMOUN,29/01/1987
KAWAS,CHRYSTEL,18/08/1983
KACKI,MELODI,13/12/1998
FANHOPPER,FOUSSEYNI,10/02/1987
PELMONT QUENTIN,QUENTYN,01/09/2001
SCHWARZ DA SILVA,DORON,27/07/1998
LEMORGE,MELVINA,09/03/1996
PUECHLANG,DALIBORKA,09/02/1977
VONG SUI,MARC-OLIVIER,13/01/1967
DOURTHE LARCHE,SCANDER,15/06/1982
BROCHET AUBRY,EDDY,13/03/1965
EL BEKALTI,ROSA-MARIA,18/03/1980
SALSAC,ESTER,10/01/1964
AHAMAT,MALVINA,07/03/1983
SHOYAKA,ANTHONY,12/09/1968
FERREIRA FRADE,FAOUZI,24/10/1972
SHEHATA HENNESS,ZACHARIE,02/03/1973
GENSHEIMER,SYLVANIE,02/03/1971
HUNMA,PIERRE-LOUIS,29/04/1985
BICKOVA,KETY,29/01/1971
PERPINA,PIERRE,13/07/1966
POMETAN,LISETTE,04/06/1987
NEVES DE SOUZA,GAUTIER,04/04/1987
TATUS,JORDANN,03/11/1987
TEMSAMANI MKADEM,BENEDIKTE,10/06/1967
FREGONESE,MARCELLINE,02/04/1978
TOLLAFIELD,SABINA,12/12/1970
GOMES CAPELA,MAXIMO,18/12/1972
EL GUIR,NIHAT,19/05/1987
NOWYDWOR,SIGOLENE,19/06/1978
ETEHEVERRY,ISA,04/08/1966
LAOCHE,MARIEM,11/05/1991
APS,JEAN-MATHIEU,07/04/1985
GREEVEN,MAHDI,10/04/1969
ELGHARBI,HAMADI,18/12/1982
PHOUMILAY,DAVID-ALEXANDRE,16/09/1972
LORAM,NAELLE,07/10/1985
BACCABELLA,STEEVIE,29/11/1993
DAUMAY,EMILY,20/03/1969
MARY SUSSIN,BRIANNA,16/12/1987
LE SCIEMOUR,MENDY,16/11/1989
BARATHON,MAKA,01/04/1986
ACOSTA ARIAS,CLAIRETTE,07/08/1966
NOBOA ENRIQUEZ,JOE,28/11/1966
PHELIPEAUX,DORINNE,04/09/1989
VALISOLALAO,MARIE-JOSETTE,31/05/1963
BRICOU,SLIMANE,13/05/1982
TENCZER,SAMIRAH,16/10/1998
RUFINGIER,ERNESTO,28/06/1997
BEXLEY,AYMERICK,13/04/1993
FRAHIER,GUIREC,03/04/1963
DUMANT,HAJER,22/12/1991
SECK GUEYE,ANNE-MAUD,26/09/1993
DEBOICHET VIDAL,FORTUNEE,04/11/1968
CAYZEELE,ALDINA,31/05/2001
NASSINI,FLORIS,22/01/1966
HERBBERT,KAELYN,26/04/1987
BOUYADEL,LOUIS-PHILIPPE,07/11/1968
FROLIGER,MIRNA,28/01/1987
DA SOIS,ANNE-CAROLE,26/01/1973
DA CONCEICAO CORREIA,MARIE-CHRISTIANE,29/05/1966
FERNANDEZ LINA,MICHAELA,29/10/1978
DEHAYNIN JOUVET,MEZIANE,23/08/1975
ASSAYRAS,LAHOUARI,28/12/1973
ROMIGUIE,RODOLPHE,25/08/1978
NYARY,FRÉDÉRIQUE,17/11/1964
BAILLY SALINS,CALOGERA,26/12/1963
CADRET,MARIE-VICTOIRE,10/10/1989
BROBY,ATTILIO,17/12/1963
AZMANIAN,SIDALIA,19/03/1971
MRABET,DIMITRI,10/03/1996
ROCHETTE LE GOFF,HAYED,30/06/1968
GINERI,VALÉRIE,17/01/1964
DALPIAZ,MIGUELLE,14/11/1973
MOROZOVA,VALÉRY,21/05/1971
ACHANAD,ANJA,24/07/1976
LENCZNER,LEONCE,06/09/1971
SIBTHORP,KARINA,24/06/1992
ARASSE,AMIDOU,02/11/2000
LOUKAKIS,LORENZO,17/05/1987
SCIACCALUGA,CINZIA,24/04/1964
IALLU,MARIE-EDOUARD,07/06/1966
DRAGANOV,ISIDORE,25/12/1974
ARFEUIL,GISLHAINE,10/07/1967
REYNERI,PHILOMENE,17/06/1975
ROUMENTEAU,JEAN,18/01/1965
NAICU,TALIP,11/06/1990
BIALA DERANGERE,ADILA,05/02/1970
GRABEUIL,CLYDE,30/11/1971
SORE,HILDA,31/10/1970
JANEVA,KABA,22/07/1993
SUFFICEAU,CONSOLATION,27/05/1966
POECKER,JOVAN,14/01/1994
JEAN MARIE ALPHONSINE,PAOLA,04/09/1993
TAVITKIAN,LÉONARD,30/10/1993
LUSSSIER,EDOUARD,09/03/1987
LICHTEMAUER,ALAIN-PIERRE,05/06/1987
LANDESSE,FÉLICIE,10/10/1987
NUGUES BOURCHAT,STEVEN,06/05/1987
GAYNOU,CYR,19/03/1964
SAUD,MYRNA,09/11/1981
DYAKONOFF,MAÏTÉ,01/03/1979
TORNESI,ATHINA,07/08/1968
SUANEZ,ALIAUME,16/05/1993
RETSINAS,MILOUD,30/04/1998
SANDZHEEVA,LIDY,12/05/1981
GARCES MORAGA,MATIAS,01/04/1975
BOUKHALFA,JOSIAS,05/01/1988
ROJAS BLANCO,MARIE-ADELAIDE,26/02/1968
JARENO,FRANÇOIS-MICHEL,27/09/1973
AL ABDOUL RAHMAN,GUNTHER,14/02/1992
PACALLIER,CONCEPTION,18/12/1981
VALORY,MARGARITA,23/05/1967
KRAOUTI,DAN,12/02/1987
ADJASSA,DAN,29/10/1970
UTUCU,ANNE-MARINE,19/07/1987
VIGARA JIMENEZ,FELICIE,11/12/1968
RISWAIT,RITA,14/04/1972
EL IRAQUI MARTINEZ,DENIA,14/06/1979
GUDESTE,WISSAM,24/04/1986
PAOLONI,THIEBAULT,01/01/1976
MIHANDRINIAINA,OCÉANE,21/03/1983
ASAFAOU,MANUEL,01/01/1971
SCHOPPET,MAELLY,20/12/1987
AMGOUD,AKIM,29/06/1987
DEMONTREMY,ZOUHAIR,03/01/1995
ULHMANN,JEAN-HUBERT,08/02/1990
MUSSELIN,DARIUS,27/10/1969
CARAES,MOUSTAFA,02/04/1971
WOJIESZKO,ESPERANZA,03/02/1966
BLASSIEUX,CÉDRIC,17/11/1964
BOUYE MAARDENE,RACHA,13/08/1998
SHAMMAS,EILEEN,23/10/1980
DELHIAT,JEAN-PATRICE,03/11/1992
GARZENNEC,CORENTIN,10/07/1974
CHAKROBARTY,ENRIQUE,18/03/1990
THROUDE,MARIA-ISABEL,27/05/1963
BENOLDI,CHARAF-EDDINE,22/12/1991
MARTOS TOLEDO,HENRY,14/12/1987
KOUATLI CHEILLAN,MORVAN,30/04/1990
GALEANO GARCIA,JOAN,14/12/1967
FLORIAN ENCARNACION,MARIE,24/10/1977
VERNISSAC,THIBAUT,22/09/1966
SOUFFRONT,THÉRÈSE,17/06/1981
ALLAGUI,MANU,30/08/1996
AMPHARES,ESRA,01/06/1986
ZARYTKIEWICZ,CÉDRIC,10/07/1999
TENA SANCHEZ,FIRMIN,21/03/1967
GRELIN,LAURIE,29/08/1976
JAY HELENE,MARIA-AMÉLIA,21/08/1967
THEVAMANOHARAN,DIMITRI,23/04/1988
PAPARAS,TAHAR,18/11/1968
STYKALA,TERRY,26/02/1965
ZETU,DENYS,08/05/1974
SIPOSAN,ONUR,03/01/2000
DELEVACQ,AMOR,09/12/1964
MORENO DEL AMO,MAÉVA,17/10/2000
CASTELLAZZI,JEAN-MALO,10/04/1969
TANGE,ANDRES,16/01/1987
FRIDJINE,PIERRETTE,26/07/1967
AUJAME,CHRISTÈLE,05/03/1963
GOMMENGENGER,WILFRID,28/10/1967
EBOUGA ETHO,MARIE-ANNE,23/09/1983
BORDONHOS DOS SANTOS,ELLIE,31/03/1987
RITBUA,KADOUR,01/04/1967
WENDELS,MARIEME,30/01/1994
OLIVATI,SILVANO,01/01/1965
GROZAT,KALTOUM,16/06/1975
BILRO,NORINE,11/02/1972
ROOHANI,ABDEL-HAFID,14/12/1982
THIENNEBRUNE,MARIE-ELIANE,21/08/1965
RENDOING,WIDED,05/05/1985
KARATJAS,JUAN,25/02/1970
WOLLHERR,HACHEMI,04/09/1994
YPERMANN,ABDELWAHAB,10/10/1971
PYPE,LÉONE,14/05/1987
CARPAGNANO,JULIUS,17/10/1970
BARDOUZ,NADYA,14/08/1973
LABRUFFE,IANN,30/01/1993
MIAADI,MARCELLUS,29/10/1963
FAYD HERBE DE MAUDAVE,SOULAIMANE,27/02/1987
WOOCK SPIESS,MERIEME,22/10/1976
MARTISCA,HANIFA,10/08/1987
LEOCADE,LUDMILLA,10/03/1987
KOLODZIEJEK,RENAN,09/10/1985
HILTRANT,ESTELE,20/12/1970
POUS,MARIA-ELISABETH,02/08/1977
MALAGUTI,RIAD,20/05/1978
DE LLANO,ODETTE,18/02/1994
ROTHWEIL,MOSHE,13/08/1989
GULYAYEVA,ELIAZ,29/09/1987
ALCUDIA,GERVAISE,28/02/1969
SNIEG,RONY,24/03/1969
TXIA CHA HEU,LUIDJI,14/02/1998
CHERDONNET,YANNI,16/09/1998
SYOUMI,LAURALIE,14/02/1997
CREDERY,SOUHILA,30/01/1981
QUEHENBERGER,MEHREZ,13/10/1968
OUALBACHA,NAJI,23/10/1975
BEN ACHOUR,MANOUCHKA,06/07/1994
VREUX GERBIER,JOANIE,12/12/1990
HILLAIRAUD,ALOISE,24/04/1976
NDITIJE,LIDIJA,02/10/1970
MUSANDJI NZANZA,TAMAR,21/03/1991
BRENDOLISE,MARIANE,02/01/1974
BRAGA ROMAO SILVA,ADAMS,21/07/1990
SPINNEUWYN,MARIE-JOSIE,18/05/1966
SIDDIG BASHIR,MANUEL,30/10/1968
CO ROGER,MHAMED,31/01/1972
VELUT,ELISSA,15/03/1983
DE AZEVEDO CAMPOS,GRÉGORY,25/04/1979
DEMELT,MASON,28/08/1987
NGUYEN PHILIPPE,MARIE-ISABELLE,17/10/1970
NEMRA,HOUSSINE,12/09/1989
KENKHAM,BASIL,10/05/1987
MICCINILLI,MARIE-GLADYS,06/10/1969
OUARDIGHI,MICHELA,09/03/1963
DE CHAMPS,BARBARA,06/08/1991
POLER,NOURDIN,26/07/1969
COTOVIO,LAMINE,14/10/1983
ADDIMA,BOUHALEM,19/11/1968
BOUFOULLOUS,JEAN-MALO,03/09/1973
RAIN,ALYSÉE,11/12/1987
BREISCHE,RAOUL,09/07/1987
ESCUR,ELISE,26/12/1969
KHOUTAMI,MOUCTAR,25/06/1994
DUGENNE,ORIANE,30/11/1963
EECKHOUT,NORDINE,20/11/1991
BILO'O MBA,PIERRE-ELIE,08/12/1993
LI KAO,ATHMANE,17/04/1977
BELLOBONO,CORALIE,09/10/1976
COURIC,TANYA,29/06/1980
BRUN COSME,ADELAÏDE,21/10/1992
DJOUBA,MELANY,03/05/1988
BONICKI,EFEKAN,09/10/1987
VERBIGUE,SYLVIO,23/11/1987
BOUDAHSA,MARIE-ODILE,26/03/1977
BERILLEY,RICARDO,02/10/1987
BUYUKISPIR,LÉTITIA,17/07/1971
ERGAUT,KELLIE,25/03/1989
GRANATA,VICTORIANO,19/01/1969
RAULF,CLÉMENCE,31/10/1967
NIENI,ARNAULT,10/04/1963
IJPMA,JOSÉ-CARLOS,29/03/1978
ELOYT,FAROUK,24/02/1979
RAKOTO ANDRIANAVONY,ANNE-PAULINE,23/03/1992
SOORIYAPRAGASH,CLOTILDE,10/08/1973
SAINT LAURENT GENTA,GALINA,25/01/1964
AKESSE,ADEL,22/11/1965
BETJEMANN,DEVY,05/03/1992
ENJOLRAS,PIERRIC,26/03/1972
OLIVIERI PAILHES,HERMIONE,04/12/1987
DEFRAENE,ROMUALD,17/04/1981
SEFI,LANCELOT,28/12/1995
NONNABEL,AMARYLLIS,25/12/1979
SHTUPALOV,ALTEA,19/05/2000
WOLFERMANN,KYLIAN,07/09/1987
CLOREC DIT CLOAREC,LISIANNE,21/07/1964
COMUNELLO,ENJY,19/05/1987
CASACADE,MOÏSE,15/08/1995
HERNOT RIBAULT,CÉLINE,25/04/1975
BRIOUEL,AYETTE,23/01/1974
BELKERMI,MADI,02/12/2000
EFFA HATIYE,MEHDDI,29/05/1979
TRILLAUX,PIERRE-GUY,28/01/1981
SANCHEZ DE LA SANTA CRUZ,JEAN-BASTIEN,21/03/1978
DAWOODI,MARIE-SOLANGE,14/10/1965
WRZESNIAK,FABRICIO,14/05/1966
TRENNEC,FRANCESCO,17/02/1972
BALUST,YVAIN,21/12/1991
BEN SOLTAN,HILAIRE,29/11/1970
PLASSEAU,PIERRE-PAUL,21/06/1969
HARTONO,BERIVAN,01/01/1990
NEDAN,NAJOUA,29/10/1969
NEGRI,OUIZA,29/08/1966
KESHMAN,WILMA,18/04/1999
MBEKEK,LILLIAN,27/09/1975
AINARDY,AJAY,12/03/1994
VILLACHOU,SAINT-ANGE,23/06/1968
NAGLE,ADNENE,06/07/1988
NAGUE,YVES-MICHEL,03/11/1969
LAINOUNI,SLIMANE,18/12/1972
DELIBALLI,ZAID,18/09/1993
NOAGHIU,NOUR,27/02/1984
DELTEIL FLORENT,TIJANI,28/05/1988
PIZINAT,EVELYNE,30/01/1977
AMILCA,ANNE-CÉLINE,09/03/1973
PERINET MARQUET,RABBAH,11/03/1967
CASTAN ABANSES,LORELEÏ,05/11/1995
VALDEMARCA,ASSALA,27/12/1987
MALATERRE,ANAELLE,10/07/1974
TILLARD,JEFFERSON,06/09/1992
JOUGLAR,EZECHIEL,14/03/1973
DE SAUVERZAC,MARC,21/01/1978
APOYAN,VICTOR,19/02/1986
KONOVALOFF,ARABELLE,28/12/1982
NAMOUDI,CARINA,20/05/1988
DAVINE,ASHER,20/05/1988
COSTA FERNANDES,LAURENZA,18/11/1980
ETOURNEAUD,MANON,10/01/1974
FREGER VASCHE,TAHA,24/07/1976
OKANOVIC,MAMMAR,28/05/1968
HAVLICEK,LOUCIANA,05/04/1987
FEYEL,OLYMPE,07/10/1970
MOUELLIC,KARINNE,30/07/1964
REIBIGER,SELIMA,07/11/1994
FARAGALLA SALIB,MUCAHIT,21/09/1999
JUILHA,PATRICIO,03/04/1967
ABDEDDAIN,PATXI,01/06/1972
D'ANCHALD,ALDJIA,06/01/1963
ALIKHANI,BENOITE,09/10/1971
ONAKASONGO,MAROUENE,26/02/1988
CLEVERING,ABIB,10/09/1970
COUPINOT,NASSIA,14/10/1984
DOUBRE CARRIER,DONYA,12/09/1985
MALPAGA,STEPHAN,18/01/1968
DOBREMETZ,LESLIE,16/03/1998
ODESANYA,GEOFFROY,07/01/1990
CLUSEL VEILLEROT,DJOUDI,04/06/1967
CHEURET,ELHADJ,05/09/1987
CASALS ROCA,COME,14/12/1987
SENEKERIMIAN,MOUNIA,05/04/1965
TCHIKAOUI,JEAN-DOMINIQUE,09/12/2001
POUGEADE,RADIA,04/02/1973
KRENNER,INTISSAR,13/07/1977
D'OLIVEIRA FERREIRA,STEPHEN,13/07/1987
FRANCHINEAU,FERNANDA,27/07/1973
LAKLAL,ABDULLAH,28/03/1996
BIZORD,ZEID,19/05/1987
SOUKSAMRANE,ODETTE,14/07/1979
MHERA,CELESTE,22/01/1987
KERNEVE,ANDRÉ,01/09/1984
BOUKEMIA,ASSANE,28/10/1972
REIMONENQ,PIERRE-SÉBASTIEN,23/02/1981
MABAOUJ,DJANGO,19/01/1982
MEYDIEY,VITAL,07/01/1978
KOUMBA NZAMBA,THIPHAINE,17/02/1995
MOURDON,MARIE-LIESSE,30/10/1972
MINOUFLET,MICAEL,12/02/1982
MALIVERNET,COSKUN,10/12/1978
PASSEFONDS,AICHA,08/12/1965
CHARBIN,KAVIN,15/04/1987
BUJAKIEWICZ,GRÉGORY,24/01/1990
DHONNER,ALI,29/10/1987
MIGLI,GRATIEN,04/05/1965
MRABET BENT,EGLANTINE,23/02/1968
GOSSE DE GORRE,GLADYS,05/03/1991
PAROZ,EDITE,27/05/1970
ROBIDON,ALBINE,31/05/1970
LISIERO,JANNICK,21/01/1971
PAZIAULT,NIKOLAZ,30/09/1980
ALHASSANE,VIOLAINE,10/11/1981
TYPHON,EWALD,09/01/1982
GOMEZ VALDEZ,MAXANDRE,31/07/1999
DELASSURE,ORIDA,28/01/1973
JARSALE,KADEM,15/10/2001
BOTAZZI,AIME,23/03/1969
DOLLER,EMILIA,20/04/1966
ERNSTAS,VALENTINO,30/09/1966
MOREAU BORDILLON,WALID,10/11/1981
L'ORSA,NAOMI,12/01/1987
BEUL,LLOYD,03/11/1990
ASSALY,EUGENIA,01/09/1966
TOHIO,NAHED,22/06/1984
YUPI,ABDERAHIM,04/11/1987
GUICHENEVY,MATTHIAS,27/12/1984
HUVENEERS,LOUIS-PIERRE,07/10/1992
BOUSSEBOUGH,SARINA,21/09/1976
ZACH,LOUHNA,26/11/1987
OLIBEAU,PAOLO,18/05/1970
MAHADZERE,PIERRE-AYMERIC,26/03/1992
NTCHAM,ROBERT,02/12/1969
GIUGA,SIMON,22/05/1965
MUGLACH,CLARISSA,21/01/1985
GONZALEZ CASALTA,MÉLODY,23/08/1992
CADORNE,HOUSNA,21/03/1978
BOUCHEIKHI,MORIBA,28/07/1987
SEGALLA,SYLVA,16/04/1965
PECCOLO,ETOILE,02/06/1990
NUBEEBACCUS,MIRANDA,15/09/1968
BAROCHI,CLÉLIA,28/03/1989
VENTURA,DAPHNÉE,22/11/1993
IACOPI,TOM,11/01/1965
PADREDDII,RAÏSSA,14/10/1999
PLUVIAUX,ANTONY,19/04/1987
WALERJAN,NELCO,17/09/1978
FAULQUE,SÉRÉNA,16/01/1964
MEGHIRA,PIERRE-ALEXANDRE,08/04/1973
ADORET,MERRYL,22/12/1975
PAPAMICAEL,ARACELI,21/02/1967
APARICIO VAQUERO,FERNAND,12/01/1987
MONTEIRO SALGADO,ABDELOUHAB,12/01/1965
MUNDSCHENK,LEOPOLDINE,29/10/1986
PAVLAKOVIC,FITZGERALD,05/02/1978
BELZEDGHOUNI,LOLITA,16/05/1996
HO SI,JOHANE,17/07/1979
SOMMERMONT,MARTIN,15/11/1969
VOGER,LAUREN,06/11/1967
VINUESA MONDRAGON,DELIL,30/07/1987
KHOUADRI,ANTONI,16/11/1990
HADOUR,SOUAD,13/03/1963
JODAR TORRES,JEAN-MALO,25/08/1969
VAVISOA,FATNA,02/04/1971
SOIYBA,INDY,02/05/1987
MANES MAESTRE,WANISS,22/12/1987
ERRAMOUN,LORENNE,14/08/1985
CRACCHIOLO,ANNE-FRÉDÉRIQUE,02/08/1969
AGAEV,NORBERT,23/07/1973
DOKUM,MAÉLINE,27/11/1987
DEI CIECHI,CHAHRA-ZED,18/09/1985
DEXET LEYSER,FRANCELINA,04/10/1972
TREHARD,AUGUSTE,28/01/1966
HOMENDA,MAÏMOUNA,01/09/1980
ZOTTI,GAËLE,06/03/1982
BETHOULIERES,SILVERE,05/08/1966
MORAIS BARBOSA,AICHA,28/11/1967
TAHAR BOUDJELTHIA,NAÏS,07/07/1983
OURRAS,THEODORA,06/08/1992
STAMOVA,YANNICK,20/09/1993
SCHLOTTIG,MARIE-GEORGE,28/10/1963
KENDZIA,WILFRID,23/06/1971
SEYAH,SUZY,09/08/1969
HNATKO,VALIA,23/07/1982
HADHRAOUI,AMÉLIE,03/07/1963
CORALI,DJANIS,30/05/1987
RUIPEREZ,KHAYAM,01/07/1987
BOBBA,NOAM,20/02/1994
SADOUL,LENNY,03/01/1990
ROSSIAS MONAT,TITOUAN,27/03/1987
VERDES,LIDIANE,30/07/1979
HALLEREAU,KALILOU,10/04/1987
LABRACHERIE,TAOUFIK,10/08/1968
SAID MCOLO,ELISA,29/12/1997
GUIONNOT,MANDI,20/06/1988
PINGUINHA,JEAN-CARLOS,22/11/1971
RYSANEK,SOPHIE,28/06/1974
HAUTENAVE,JEANICK,11/01/1964
PALHETA,NASIMA,21/04/1978
D'ESNAMBUC,THERENCE,25/02/1983
SILIVA,RUDY,25/04/1963
OUHJOUB,JEAN-BENOÎT,12/06/1972
MENIAR,JAPHET,21/10/1997
BEN AYA,MARITIE,12/01/1978
BERTHELIERE,MAWEN,24/05/1987
EPUTEIN,JACKY,02/02/1975
TANQUERELLE,JOAQUIM,01/06/1964
DOURLIAND,CHRIS,03/05/1993
FOURNET FRESLON,FRANCKLIN,04/02/1995
HASSANEN,ION,15/09/1987
OTLUDERE,BANDIOUGOU,18/06/1987
CHICA,ELIEL,09/06/1991
COLONVAL,DANIELE,13/05/1990
TONEGUZZO,ALESSIO,25/07/1997
GAVRAND,MOHAMMAD,28/06/1979
OZKAN,ALPHONSE,12/04/1969
GHAIDOUNE,LÉON,10/08/1987
BRAIDA RACHEL,PIERRIC,13/09/1965
KUSHNIRCHUK,JAOUED,22/09/1993
DURANT FARGET,DÉSIRÉ,10/02/1994
SIVITER,RUDI,07/04/1966
EL MZABY,KHIRA,24/02/1973
MARAZZI,ELIOS,27/12/1987
FREITAS REIS PEREIRA,DAVE,10/08/2001
OTTENWAELDER,CLAUDY,03/03/1971
QUEUNOT,LINSAY,17/05/1987
BARHOUCHE,KYLIE,13/01/1987
PUSTINA,BERIZA,29/06/1969
HOSTEAU,LUANA,20/04/1987
WON FAH,GARETH,02/09/1987
MOLANDI,SERVANNE,28/02/1968
SERAISSOL,XUAN,17/05/1987
BLAIN YARDIM,SENAY,05/02/1980
ALIBAUX,AMAR,22/02/1967
PROKOFIEVA,GINO,30/01/1971
SAVONE,FAWZIA,06/12/1987
BOWAT,ANNE-KARINE,16/12/1971
RONTANINI,AYLIN,12/04/1977
CHOWAH,OKTAY,22/11/1992
LAVILLE DE LA COMBE,RUDDY,15/05/1973
DO COUTO ANTUNES,AMANI,27/05/1987
KIRBEYEKIAN,SOPHIA,12/10/1969
JAMOUZIAN,SUZY,27/08/1965
AGERT,ILYA,23/02/1983
DEAMBROSI,LISBETH,04/12/1986
MIYAJI,MARIE-PIERRE,10/01/1966
MACOUNGO,HEIDI,25/08/1980
EYINGA AKAME,MIRENTCHU,10/10/1972
DELHEURE,GABRIELA,08/01/1996
FLURI,LONNI,01/09/1987
FORNES MARTINEZ,ISAM,16/03/1980
TENAMLAL,KIMIA,29/07/1999
EL MOUDAN,LAMYA,15/08/1981
ANVARALY,ANNABELLE,23/01/1972
BILE,OLINDA,10/12/1981
KAYRYAK,ANNE-MARIE,04/07/1971
CASTILLO LOPEZ,VIOLETTE,30/11/1970
DELAGREVERIE,TENNESSEE,11/12/2001
LAGUEUX,TALAN,15/05/1987
TEALE,CLAUDIE,12/09/1965
SOUEVE,MURIELLE,11/05/1968
SCHELHER,MURIETTA,04/09/1969
CHATOUANI,SAVERIO,27/07/1972
WITZELMANN,LAURENCIA,03/01/1978
VIDAL YEGAVIAN,JOHANNA,01/06/1972
WACHLEWICZ,CARIM,28/05/1968
TORGERSEN,CARMELITA,20/09/1963
OUYLASAKOMMAN,KHEMISSI,16/08/1970
MUSATTI,ELISSA,19/06/1991
LARRIVEAU,DOLENE,08/11/1976
BILMEZ,YOHANNA,08/03/1995
IRLANDO,STANISLAS,27/05/1964
FRANZONE,MENDY,05/04/1990
COULEAULT,PLACIDO,05/08/1965
LALLOYER,BELKACEM,14/09/1969
NOVASCONE,FATIA,16/05/1984
D'ACRI,LAID,14/07/1970
SANTAMARIA POZO,SHEYENNE,05/10/1996
EKOINON,STEFEN,22/03/1967
SAHTOUT,ARLINDO,23/01/1977
KASSAC,HACINA,08/03/1964
BEN HAJ SAID,MIMOUN,18/02/1968
BOUZENA,MARYAM,15/11/1985
MILOUD DAOUADJI,ATMAN,05/01/1972
ABI HAIDAR,MORADE,18/09/1972
DALLOT BEFIO,ALAIA,07/09/1987
BROCHOT,HAKIME,09/05/1994
ONICHIMIUK,LUDWIG,05/06/1978
DE LA FAIRE,RAPHAËLLE,22/11/1974
GIEDELMAN,FIDAN,08/07/1987
JOSEN,SIRIN,22/01/1995
DGERIOU,ALEXANE,29/07/1991
LONGO DORNI,NAJIM,05/02/2000
BEDRI BEYZADE,JENNYFER,24/12/1987
BERANZOLI,JELENA,05/02/1977
DANCEA,RADIDJA,25/09/1966
ORDINA,ELLYA,23/12/1987
PENDANX,LAMBERT,05/10/1994
REHNANI,KATTIA,01/05/1981
MAUFRONT PATROIS,CORYSE,21/09/1970
WITTOZ,SARAI,09/03/1994
GARCIA GIORDA,GWENNOLE,04/09/1981
CUCALON GRACIA,CLAUDY,22/02/1999
MARGARANOVIC,TAHA,05/01/1977
GALLISSOT,DANE,09/08/1971
MCCORMACK,GISLENE,07/08/1970
NOERI,MARIE-SABRINA,21/07/1983
AMORETTI PONCET,ELYSSA,14/12/1985
OVA,ANAEL,01/12/1987
ENOCHSSON,BILEL,18/07/1981
MOHAMED ABD ELKERIM MOHAMED LEMINE,SLOBODAN,02/11/1968
PALELLA,PASCAL,30/10/1971
PATOUNAS,REDA,10/06/1970
CANGAL,SOUMYA,04/03/1979
CHEDRUE,SATURNIN,25/01/1987
AKOSKIN,REDHA,13/11/1991
CLAIRGEAU,ABDEL-KADER,28/01/1967
FARADDI,MONSOUR,14/12/1972
CINQUALABRES,FRANCK,04/01/1974
OUTOUALLAT,ELIOTT,14/08/1987
ES SALIH,LUC-EMMANUEL,30/06/1977
OPYD MIRANDA,CÉLINE,26/11/1964
SAINT PREUX,IGNAZIO,25/09/1969
GERSINER,ALEXANDRO,23/11/1969
SEBANE,CEDRYC,11/10/1977
PAYCHA,MONETTE,11/12/1966
ESIRI,MAEL,05/06/1987
BEN GHOUSI,RAPHAELLA,21/09/1967
QUARRE DE VERNEUIL,AFIDA,27/09/1980
VANDERHAGEN,CARMELINA,16/08/1978
CHATE,ATILA,16/01/1987
SAMAROVSKI,LESLIE,26/10/1990
LAMY CHAPUIS,ENRIQUE,07/02/1988
VALVERDE DOS SANTOS,ROSARIO,28/06/1993
LEVY SITBON,IMMACULADA,05/08/1969
SENARATNE,PEPE,06/08/1971
TAMBUN,SYLVIO,26/09/1981
AFJAR,YAHNIS,13/03/1987
MWETI,KERAN,02/01/1987
GUELMI,MAGALY,17/10/1996
TRAVART,JEAN-RICHARD,31/01/1981
LALICHE,TONIA,03/07/1971
TOPPIN,BAKI,31/03/1987
MILLANT BERTHIER,RODOLPHE,26/06/1989
DEFFIN,NAFI,18/06/1999
BLOT MASSON,JORJE,28/11/1971
DANIGLOU,TIMOTEI,17/03/1987
IEMBOLL,EMMI,10/08/1987
NTSAME EBOZO'O,NATIVITE,31/03/1966
MENDES DA SILVA GOMES,HEÏDI,31/07/1981
CUNKO,JEAN-NICOLAS,05/09/1964
CATTIAU,KYLLIAN,02/04/2001
ROLANDO EUGIO,ANNE-CÉCILE,28/03/1980
BENUSZAK,GODELEINE,01/01/1976
KAVS,MARIE-ANAÏS,23/07/1980
ALIREZAI,LILLO,02/01/1987
RHARRAB,WALTER,29/07/1968
BRACHELENTE,JEAN-MATHIEU,08/01/1983
BRAUM,KILLIAN,10/10/1986
FLEURIMAY,LAURE,19/09/1991
MEKUI ME MFA,HUGUETTE,11/06/1969
MICHELATO,SVETLANA,13/12/1990
ZIRIHON,MARIANE,10/09/1970
BEN RABIAA,PIERRE-GUY,15/08/1981
BENABBES TARJI,SEMANUR,20/04/1994
ALGHABRA,LORENA,22/10/1982
CLAUSNER,BETSALEL,07/01/1988
BULABOIS,MARIE-STÉPHANIE,07/10/1966
CADOSH,SOUHAYL,01/03/1987
DURAND KELLER,VINNIE,11/03/1994
EL KARQOUNI,KRIM,25/09/1967
GALLEGO GARCIA,EYMERIC,02/03/1970
GLAMA,JEAN-RENAUD,20/07/1971
KRUDA,CHRISTIANE,26/12/1971
DANICHEWSKY,GIORGIO,04/12/1971
CHAUBAUD,SOLÈNE,12/05/1997
HENNEMAN,MEIDY,29/06/1987
VAN VLAMERTYNGHE,PIERRE-LAURENT,16/07/1969
DE LARDEREL,ANNELINE,03/11/1990
GUROL,GUILLAUME-ALEXANDRE,28/02/1980
DOLGER,NAVEEN,23/06/1987
POPIEUL,VIVIANNE,03/07/1967
GATHON,AGOSTINO,25/08/1969
PRINGRENON,AUDREY,02/01/1990
ALAYE,LUANA,21/01/1974
BENTOUNES,JEANNE,05/08/1992
TABOULIN,DINO,04/07/1969
BEN LILA,ANNE-CAROLE,30/11/1965
LEROOH,DRIS,22/12/1971
PAULLE,GINES,03/03/1971
SEGATI,BLAS,22/03/1965
CANOSSI,ZAIYA,20/10/1967
CHATAIGNAULT,MIMOUNA,12/08/1995
BOTIZ,VIVIENNE,23/04/1971
DOS SANTOS MAIO,MOUHAMED,11/05/1989
VAN DER VELDEN,NAJMA,17/06/1990
PILWIN,JOHAN,15/10/1969
ALAM BADISSI,SAMYRA,04/09/1977
DOUSSARD,CELIMENE,18/03/1978
ICHANSON,VALÉRIAN,18/05/1978
RIJCKMANS,JAHIDA,10/03/1963
GOUCH,MARIE-GENEVIÈVE,10/04/1970
TAGORI,MYRTHO,07/02/1963
RIAUCOURT,CHAMSEDDINE,06/03/1987
BANVILLET,SAMY,08/03/1968
CHIUZZI,HANS,22/06/1983
MAGOURA,MAURIN,05/04/1996
D'EAUBONNE,ATILA,02/09/1979
HADJ CHERIF,SELEN,08/03/1995
MOORABY,MAHER,18/11/1987
SACHEAUD,CRISTOVAO,30/05/1971
GALLET DE SANTERRE,JEAN-MAURICE,15/10/1997
GOULMAMINE,CHARLETTE,01/01/1970
VANDERDONCKT,JEAN-BERTRAND,09/08/1968
HABERFIELD,JOANY,09/02/1987
BOUZET,ROSALINE,29/01/1986
DUGENETHET,YAN,09/07/1987
GUETCHEVA,MEDERICK,29/09/1977
MISIACZYK,CORADO,22/04/1963
VAN LOTRINGEN,GIANI,09/12/1973
ELMINGER,ASSINA,04/10/1966
PAQUES THERESE,LEVI,08/10/1991
LEOBET BERTRAND,NICHOLAS,31/08/1993
DEROYON,BELEN,26/05/1970
PLACIDE ALPHONSE,MILES,26/05/1996
BIEBOW,NESRIN,20/08/1991
KURASIAK,MARC-ALEXANDRE,27/06/1987
DJAGBAVI,RIDHA,28/11/1974
BELVIRE,ROUBA,15/08/1984
BOUJASSON,TOUATI,28/01/1970
BERBEDJ,HAUDE,01/03/1977
RAVASSE,CHRYSLENE,20/07/1965
DILIDDO,ILIESS,03/07/2001
TRAIYARAJ,YAHYA,28/05/1966
NAVAS MONTESINOS,CASSANDRE,16/02/1992
HORLOT,LOIG,13/11/1983
TOUMY,APPOLINAIRE,31/10/1964
HOTTION,ABDELWAHID,18/06/1987
DE LA GONTRIE,EVRARD,11/05/1967
CADELA CECCARINI,ABDEL-HAKIM,07/10/1971
OGANYAN,SANDRO,15/10/1971
TOSCER,DJAMIL,05/04/1987
BOUDJABOUT,ALEXIANE,17/06/1987
TEYSSEIREJEAN,YVON,07/05/1977
ALLSOP,HERVELINE,02/04/1974
BEEDELL,FRANCE-LINE,24/08/1968
HAUGK,SANDY,04/12/1965
SIMOES ESTEVES,BETTIE,02/01/1987
ODUNOREN,JOFFREY,06/07/1977
PERNAUDAT,URIEL,10/08/1991
SIMO CRUANYES,LAHCÈNE,19/12/1973
STEZKO,ABDELJALIL,12/03/1977
BORDAGARAY,STEFANE,18/10/1976
IKHALAYNEN,HAYETT,12/03/1984
LOUSSAN,THIBAUT,28/11/1987
BRANDMAYER,CAROLANNE,25/11/1996
ARRAF,AMANDIO,28/01/1977
MONICARD,AUDE,28/07/1973
BREW,AISSA,21/08/1994
BIRCAN,ENIS,12/01/1978
MALARAGGIA,MAURINE,15/12/2001
GUREL,KADA,15/12/1971
DAL COMPARE,AUBIN,14/04/1978
M'SAKNI,YOUNÈS,17/06/1988
AMARCA,MATHILDA,04/07/1963
ZIGHNI,MANSOURIA,02/10/1994
ALEMANY SALAFRANCA,HASIBE,16/04/1993
PILLEYE PEERUMAL,TIJANI,24/01/1982
DE MONDRAGON,GUILA,16/06/1994
KUPEZIK,VALERI,11/05/1967
CAPBLANC LABORDE,PEPIN,29/01/1964
PH THAMARET,MILA,24/07/1975
BERBERON,ALICAN,06/10/1994
CHALANSON,MARIE-GERALDINE,23/02/1971
VIDEIRA MARTINS,JOSUAH,06/06/1986
GARRAM,JEANICK,03/11/1971
VERSENE,KARELL,21/08/1980
DODANCOURT,JOACHIM,21/02/1987
TANDRE,JESSIKA,01/04/1978
BENSMAILI,VAIANA,27/08/1999
LALIMENT,PIERICK,16/02/1982
MSOUHLI,ROLLIN,28/10/1975
VAN AUDENHOVE,SANDY,14/06/1969
HAEBERLIN,CARMELINE,29/12/1987
DOMBROT,ROSE-ANNE,12/09/1971
RAMIELSON,SERAFINA,10/12/1965
PRIMKE,LENAICK,07/01/1970
OUAACHA,HAOUA,26/12/1984
EL BANNANI,ALINA,05/04/1967
LUBONGI,JEAN-LAURENT,07/09/1987
CORNICHE,LETITIA,22/09/1970
REISSMAN,LAURE-LINE,08/09/1996
MONCET,LYNDSAY,29/06/1987
GAUBEY,JEAN-PIERRE,18/05/1982
PANARIN,OZLEM,23/02/1996
MARAVAL TAULET,CATHERINE,02/07/1964
PUYALA,MARIEME,02/01/1992
BOUTONNAT,BERNARDIN,04/09/1964
GINESTOUS,MATÉO,06/04/1968
CULNARD,KATIA,09/08/1963
YOSSA,PAUL-ETIENNE,01/03/1997
PHAN CHAN,MARIELLE,15/05/1966
HAMMANA HAMMOUD,ABDELKHADER,02/03/1998
NFOUEDJOU SUKI,DOMINGOS,10/06/1967
LURON,YAHIA,13/12/1998
WOKMO,LISIANE,10/04/1974
ESTEVES COSTEIRA,KADOUR,23/01/1967
GAINSBOURG,SOPHIA,14/03/1971
GAMAGE GARUSINGHE,RACHELLE,15/12/1990
MISSIOUK,FARID,04/09/1964
TOMOR FABRE,MAGUETTE,27/05/1987
OULAD MOKADDEM,ARLENE,27/09/1964
Y THOR,LARGO,29/10/1987
CINNITO,YANNICKE,24/02/1979
MISAC,YOUNES,14/01/1980
LAMOULINE,MADEG,19/11/1993
PIVOVAROFF,RAMDAM,02/12/1970
TUMANOVA,ZOHEIR,03/09/1978
ISSIMDAR,MELISANDE,28/06/1974
BEN MARRAK,MADDIE,26/06/1990
PAPASPYROPOULOU,MAËLLE,10/08/1969
GONCALVES CATELO,AÏCHA,14/10/1965
DEMGNE KAMDEM FLORIANE,LISE-MARIE,17/09/1987
BOUYAUX,ELIF,03/12/1979
GAZTELUMENDI,STEVIE,22/06/1996
VIGANT,ÉLOAN,12/10/1987
BOUKHOUNA,THALIA,08/05/1996
HABENECK,CLEMENTE,31/01/1969
PELISSIERES,SUZETTE,23/01/1970
DUARTE LOPES,ELEONORE,22/01/1994
DARREOUS,GARRY,30/01/1966
VON WERLHOF,CAROLE-ANNE,23/01/1993
SEGHIR MOKHTAR,LATEFA,13/03/1984
GHIATOU,SUSANA,02/04/1964
OUESSA,GISELA,16/02/1964
DE MAGALHAES BARBOSA,JEAN-GUILLAUME,15/10/1980
BOUZOMMITA,STEVENS,13/10/1976
MEJIA SUAREZ,NAEL,18/04/1992
DEROUTEY,NELLY,06/01/1992
DOUDET BAUDRY,AB,17/04/1963
ANZALBERT,STEPHANE,13/07/1969
CISTRIER,DIMITAR,22/03/1987
MOUTARDE DIT ERIKSON,ISOLDE,18/05/1987
BITAM,ALEX,08/11/1990
ANTONIO COIMBRA,GUISLAIN,01/04/1965
FOISSELON,TATJANA,06/03/1993
DYLIKOWSKI,ALEJANDRA,15/10/1983
AMADOR COMABELLA,PIERRE-GILLES,28/08/1971
GOURIBON,SOFFIANE,29/10/1995
ALVES MARTINS,MEZIANE,25/01/1998
DE COUESSIN DU BOISRIOU,HUGO,25/06/1987
CLOCHARD BERGE,INDIA,09/12/1999
AIT LAGHRINI,RAFAËL,22/09/1984
PINHERO DA SILVA,ARNALDO,27/07/1975
SUI CHONG,AUGUSTE,09/12/1974
OUSIHEL,DEBORA,07/10/1965
KWEDI EKAMBI,ALEXANDRIE,20/01/2000
OSUJI,YANNIK,16/08/1988
NJIENSI KAMGA KAMGAING,HASSENE,20/06/1965
FALCETO LAPEYRE,OLIVER,20/11/1973
BOUDABOUS,VIRGILE,08/02/1963
EL FATMI,LUCINE,17/03/1998
MITH,OLGA,26/10/1969
GAULTIER POIVEY,GEOFFRAY,26/06/1988
DULINSKIE,AITOR,23/08/1987
MOINET GARCIA,GAEL,07/02/1987
KELAJIAN,GWLADYS,06/11/1973
GROSDECOEUR,MACKENZIE,11/02/1987
CHIOZZA,LAYNA,16/01/1987
DE TALHOUET ROY,ISAIE,08/06/1980
GRANVILLEMIN,DOGAN,06/04/1982
COLMENERO CRUZ,SHEILA,21/06/1967
CHENUAULT,HALIMA,11/12/1972
KIROUAC,DOROTHEE,22/02/1982
GUITAR,HIND,08/05/1985
JAVELON,FAISSAL,06/10/1982
JARRIGES,MATHILDE,16/07/1968
LORMAHT,KATARINA,12/08/1971
LAGHOUATI,FANNIE,15/05/1966
WEGHLANI,MORIBA,25/09/1998
DOS SANTOS SAMPAIO,ISMERY,14/09/1979
BILCARD,MARCELLO,27/08/1975
NGO MATIP,SAFAA,22/01/1991
APOSTOLAKIS,ESPERANZA,10/01/1975
SIDDHANTA,VALÉRY,17/08/1969
LAMBRESCHI,NASSIBA,01/01/1988
DAMBROUCK,STEEVEN,05/04/1982
ABAMOUR,ELIAS,04/10/1966
OSTENDE,YOHANN,22/07/1968
JOCENT,FERHAT,02/07/1997
CANTOIA,EMMANUEL,05/04/1971
JESUTHASAN,FRANÇOIS,28/01/1990
TACVORIANT,REGINA,05/05/1970
SEDENNES,IWENN,13/11/1987
ALHERITIERE,BALKIS,22/02/1995
DOPIERALSKI,DOROTHY,06/07/1965
PLANEZ,ISMAËL,02/04/1983
METOUMPAH MBOT,ABDELHALIME,05/08/1982
JERAJ,HALID,30/07/1981
OLLIER FAURE,HOSSINE,28/05/1990
BARISSET,KARENE,10/01/1987
OUAGAZZAC,ÉLINA,22/02/1999
RAIGONDEAU,EWA,12/03/1978
KOUTSENKO,NEVIN,17/07/1990
LE MEZO,JOHANNY,16/06/1986
RANDRIAMAROSON,HELENA,17/12/1990
THENIN,SOUFYEN,13/02/1976
SHAFIE,FLOR,24/06/1972
MAPA NZAMA,KIM,22/10/1994
BELM'FADAL,MAITENA,06/09/1969
CLARICO,NELSON,29/09/1987
VALLECILLOS,PRISCILLA,19/07/1979
PORTHERET,KEVEN,11/08/1987
CAMARA Y MARCO,MARCEAU,15/09/1968
NGAH OANANA,SÉVERINE,01/03/1964
BOULER,GUENOLE,14/03/1993
DECORNE,JACKSON,03/08/1990
SERWA,SOUMIYA,07/03/1985
TREDLER,MILLIAN,13/11/1987
MUSEVIC,MEVEN,30/11/1995
GUILLEBEAUD,SANAA,10/08/1996
M'GAYA,MURIÈLE,15/10/1969
CHICHILIANNE,BAMORY,09/08/1977
KURKAA,LOUANN,24/10/1987
BENSABEUR,BRUNA,05/11/1974
BATAN,GEORGIO,30/10/1972
ROBIHO,LAURIC,14/08/1972
ABOUNAYAN,JEAN-DENIS,12/02/1989
LACRAMPE,SABAS,17/05/1965
BACHIR,ANDERS,01/04/1987
MICHALCZEWSKI,ABDILLAH,29/06/1993
MAXWELL BRETSCHER,GASPARD,28/11/1968
MERCIRIS,LAURIANNE,27/12/1982
STROBACK,JEAN-GÉRARD,04/04/1970
BELLAHSENE,MALICK,19/04/1971
OATHAM,FRANCKI,08/07/1972
BORAGINA,FRANCELISE,28/04/1968
DE JULUS,BLEUENN,08/10/1982
GIBIAU,ZAKIA,31/10/1998
KARGAR,CARMELINA,16/03/1964
MEYZONNIER,MIRIAME,24/11/1985
TOCNY,MARIE-ARMELLE,07/08/1972
DA SILVA DE NASCIMENTO,ISA,07/02/1980
KAMGANG,ANSELMO,16/10/1968
TOURANCHEAU,YORAN,27/04/1987
PEIXOTO DA MOTTA,GOUDO,07/12/1984
ALVAREZ CASTILLO,DJAHID,02/10/1965
AUGRINET,MATHILDE,20/07/1974
MINOUN,MARIE-CONSTANCE,19/03/1978
LAROBE,TASSIANA,14/05/2001
PISTRILA,JEAN-ROLAND,20/10/1971
MRUSEK,MELIK,11/09/1966
NUNEZ JIMENEZ,SIRINE,16/06/2000
BALAWTEKIN,MOULOUD,05/07/1982
IURESCIA,NOUI,13/06/1970
GALABOV,CIDALIA,19/09/1972
APPARISIO,FILOMENA,09/06/1968
OUZAID,BRUNELLE,10/04/1995
URZETTA,YOLENE,18/10/1970
DELBRIDGE,SEMIR,29/03/1987
LAWLORFRANTZ,RAYAN,06/08/1991
DJANKA,LIARA,20/12/1987
BOUAZRI,TRISTANA,18/11/1998
LE FOLLE,JEAN-CHARLES,10/02/1963
LEPROLI,BELLAL,14/05/1998
D ABLEIGES,KELTOUM,19/10/1966
NICKROSS,LAURAINE,08/07/1979
WUBS,SAVINO,20/10/1971
OUHANNOU,HUGUES,20/12/1987
VINCELEUX,ABDELAH,04/03/1974
DELMAS MARSABET,JEANNICK,17/01/1964
ABOUHARIA,SILVERE,05/05/1970
BONDAREMKO,ADRIANA,30/03/1967
KAULANJAN CHECKMODINE,YASSINE,22/06/1972
COHEN LORO,CENZO,08/11/1987
LANNIER,GRAZIA,07/01/1965
HAMMINGA,DUANE,28/02/1998
LUDANT,OUISSEM,04/06/1981
DAMAGNY,CHARLÈNE,06/07/1992
NGO MAYAG,CHAIMA,04/08/1995
BOON VAN OSTADE,LUDIVINE,13/06/1981
TCHATCHOUANG,FADILA,09/06/1970
MALCOIFFE,GERRY,11/04/1994
HOVHANNISSIAN,ADONIS,06/12/1968
DORDIOVSKI,AMIDOU,18/08/1983
BRAZ DE SOUSA,MARIANNA,11/07/1963
IKBALHOUSSEN,CLAIRE,31/03/1988
GUIPPI,MADELYNE,24/10/1999
MONTIGNY,KYLIANE,23/01/1987
VONGXAY,NABYL,24/02/1982
SASDY,NAIL,30/05/1991
STEED,PILAR,18/03/1963
HANDUNGE,FRANCK,29/08/1995
DE CHAUNAC LANZAC,LILIROSE,05/08/1987
BASOGAIN,CHRIST,27/03/1971
BAILLY,TIFANY,26/02/1994
NGALAMOU,TANGUY,01/12/1966
KASAJ,CLÉMENT,01/03/1979
BARIOUX,MAGDALÉNA,16/08/1978
CALASTRETTI,ANNE-ELISE,17/09/1988
HEUBLAT,SHERAZADE,18/10/1990
THIVER,LUDINE,29/06/1987
GAOUAOU,GILLE,15/11/1971
PODLEWSKI,GOULVEN,23/08/1983
SLOTBOOM,WEN,23/11/1999
CAMOGW,AURE,03/06/1993
SCHUPPEN,FRANÇOISE,16/01/1993
CASTANEDA MANRIQUE,ETIENNETTE,29/11/1974
LE BRUN,HAJIBA,27/05/1983
NEVEJAN,PRISKA,17/08/1973
TASIEMSKI,ASSAN,17/09/1965
PUTINA,OULFA,20/05/1985
AKGOG,XAVIER-PIERRE,20/07/1984
ROUIDJALI,ALIOUNE,02/11/1964
NORSKA,MICKAELLE,05/03/1980
CHAUMIOLE,BOUDJEMAA,10/05/1972
BUCCIOL,EDSON,18/02/1987
GONZALEZ ALUNDA,MARIE-DENISE,10/04/1967
BOUMBOUR,BELMA,17/11/1987
GUINGAT,JAVIER,10/03/1966
HAURIT,ALESSANDRA,21/08/1987
RAVASSOD,FLORESTINE,20/04/2001
CHATEILLER,CHARIF,03/05/1987
SOLAND,PIERRE-CHARLES,20/09/1987
BEDHIJA,JEAN-LUC,25/10/1971
CORREIA NANJA,ELISABETH,28/01/1971
ALDRIGHOTTONI,MARIE-LINDA,24/12/1978
LAHAUT TINANT,PIERRE-EMMANUEL,10/10/1998
VVE CARLOS,FLORESTAN,16/08/1978
CASTILLO OSORIO,ALMERINDA,03/03/1972
WEMBANYAMA,NASSIR,09/03/1994
GIOUANNI,YANNICK,09/02/1987
LATIL GEORGES,MORGANE,04/05/1984
MARTIN DA SILVA,LANCELOT,18/09/1987
ZOMPICCHIATTI,GABIN,08/09/1996
SINNONIO,MARIE-ANGÉLIQUE,15/06/1980
TEKIAN,CATLEEN,09/09/1999
ERAZMUS,NADER,07/09/1987
GAZZETTA,RAHIMA,23/12/1989
DIAZ CONSUEGRA,CRISTOBAL,19/03/1970
CONTICELLO,STANISLAS,10/05/1965
DELELYS,ERICKA,22/08/1968
D'ESTRIBAUD,MORAD,25/10/1984
HAMESCH,VLADIMIR,20/02/1965
DJLILI,HAYET,12/08/1965
BONDEN,ANJALIE,11/02/1987
ELSEY,HAYAT,16/03/1987
FERNANDES DO NASCIMENTO,NIKOLAS,21/07/1970
DUROULLE,NACIMA,30/03/1995
BEDROS,HENRIK,27/09/1976
MATAKUALIKI,CAROL,25/06/1979
VITTA HAMADA,NATIVIDAD,17/07/1970
VAUTELIN,MAX,05/03/1979
BAUMGERTENER,MILOS,02/04/1987
MRIT,RODI,16/07/1987
BERKHLI,FANELIE,21/04/1978
DIGOMBE,ANNE-CÉCILE,18/04/1968
LEMONCH,MARIE-BENEDICTE,02/08/1972
VINOY,MARIE-LORRAINE,24/05/1963
HARBOUB,IMAD,22/08/1981
CRABE,AUBERIE,19/04/1993
HOGDAY,KAILYN,20/03/1987
GRZEBEZYK,FLORIANE,28/11/1964
LLAMMAS,NETHANEL,06/07/1989
DENN,TERENCE,15/01/1967
CALAIVANAN,ANNELYSE,07/04/1964
THIEBAUD,KARL,01/09/1974
PASULA,LAURE-MARIE,18/10/1971
MONTBOEUF,ALYSON,13/10/1992
GUERARD,ROSY,09/02/1968
DERAMNA,ALESSIA,04/09/1994
LE RAILLIER,ALCINO,17/12/1971
ARLIGUIE,IMAN,24/10/1995
CHAPPOTTEAU,PINO,09/12/1970
MISERANDINI,BENJAMIN,29/09/1973
BILTRESSE,GORDON,04/01/1970
VENNES,MOHAMMAD,29/03/1967
COCUDE,ANDERSON,09/03/1996
NERINCK,SID,13/02/1967
HOYBEL,DELIZIA,18/01/1980
BELLEVUE MARONI,VALENTINO,21/06/1964
BONGIU,TANAIS,01/07/1996
DANOUMBE,ALPER,05/07/1994
GUERNINA,MOUAD,05/05/1987
MANNAD,ANGÉLIQUE,06/03/1989
TEJERO MARCOS,MYLÈNE,12/06/1994
ZAFIZARA,M'HAMED,15/04/1994
TAUPE,LADISLAS,06/01/1999
LECARQUET,CHRIS,29/01/1989
LEADERDOR,FELICIEN,09/02/1963
BRANOY,SILVI,11/11/1970
NZIE,JOHANE,22/10/1986
CHUBILLEAU,LINA,17/09/1970
MONSOUS,JEAN-EDMOND,15/09/1969
MSA MLIVA,CANDICE,30/07/1982
ARAUJO DE ABREU,NORMA,17/10/1985
GAUJARD,TIMOTHÉ,26/01/1995
GHEORGHIAN,MAURICETTE,15/10/1968
MONGISON,ROCCO,12/03/1995
ANCKENMANN,IDIR,28/04/1965
CHEHU,EDOUARD,11/02/1977
DUHAMMEL,CAROL,23/03/1974
SCIASCI,DALEL,10/04/1978
BALU,NASSIRA,09/02/1996
ROUGEE,JOVANI,06/06/1993
GAVASCI,AMALIA,17/07/1990
TOKHADZE,LUCILE,06/03/1967
MEROTH,MARIA-TERESA,09/02/1969
JIMENEZ ANDELO,RENALD,13/05/1977
DE SOLMINIAC,FERIDA,07/12/1970
BOUAZAOUI,ALEXANDRE,14/01/1987
SEVOZ,TEVA,08/09/1987
ROBISOA,ARIANNE,24/12/1967
GOEME,FOUED,18/02/1985
ZGHEIB,SAMYA,12/09/1976
ZIMINA,YVO,06/10/1975
MONTERO ROMERO,BEKIR,19/08/1987
BLADEK,THIERRY,13/02/1990
DE GOEJE,GEFFREY,18/12/1993
OUDADAS,FREDY,30/06/1965
MPUNGA,ELISEO,28/07/1987
ZOETARDT,CHRISTÈLE,02/06/1969
FORTIER JELINON,YORO,22/04/1984
COUEGNAS,ABDELHADI,09/03/1972
RITTMEIER,DRAGANA,26/11/1973
JULIEN PAULAT,LENZA,21/09/1987
PAGNANI,YOANNA,14/07/1974
CHOUK,IANN,19/08/1987
JIMENEZ ARRIETA,MARIE-FLEUR,30/10/1994
COUCHEY,ARIELLA,30/10/1986
DECATTE,ABBYGAELLE,27/06/1999
GASPA SEVAL,BAPTISTINE,06/02/1971
EHALT,ABDELALI,29/06/1963
KRECHLER,JOURDAN,13/01/1972
DE PIERRE,ALADIN,19/09/2000
TROSBERGER,AMINE,23/01/2000
SONNET ICARD,ESMA,30/11/1970
POUYER,MAIA,26/09/1980
MOSSION DE LA GONTRIE,MARIE-COLETTE,21/01/1964
M CHINDRA,NELLIE,02/09/1972
SANTAUAN,BENEDICT,28/03/1967
KETTLER,GHISLAIN,09/04/1989
ANANNA,JHONNY,28/03/1963
IZQUIERDO AGULLO,GINA-MARIA,24/10/1972
BONENFANT ROUX,FERDINAND,31/01/1997
TRAGNO,ROLLAND,29/06/1968
CALLANDRY,SANTO,25/02/1987
REY EDMOND,HAYRIYE,22/02/1981
MONTERO TADEO,JORDANE,03/05/1967
SILVA PINTO SANTOS,CELINA,30/09/1970
ROMAN DIAS,MORADE,05/07/1967
GOVCECIK,NETANEL,17/08/1987
MAJONE,ZOÉ,17/10/1965
MINGUILLOU,ANOUCK,11/04/1994
GUIBEY,JEAN-ROBERT,21/12/1983
KHIRALLAH,REZLANE,21/08/1992
ARANZASTI,BENITA,25/08/1971
AMJAHDI,LAHCENE,04/09/1981
EGANIAN,BERNA,21/09/1993
TOKUNBOH,CRISTELE,22/04/1970
CANTALE,ARLENE,26/04/1970
CHARRIOT,GIOVANNY,15/06/1978
DEKANINGA HELOKO,TIMOTE,29/09/1987
PALM JENSEN,ANNIBAL,14/09/1973
MICHEL DE TRAITAIGNE,SILVERIO,15/05/1975
BLOUT,CHARLES,20/06/1999
LUNESCHI,ANETTE,05/12/1967
BIDOLIN,CÔME,20/03/1975
MARTINEZ COBO,HEMMA,10/07/2000
RASOANOAVY,FRANKIE,19/12/1991
DORWLING CARTER,ZAÏM,28/08/1987
CONSTANCE RONCAYOLO,ROZENN,09/11/1983
BELOGHENE,MARIE-HÉLÈNE,17/10/1969
TAICHE,SAIFEDDINE,06/08/1987
EL GAZZAH,GAËTANE,15/06/1978
FLAGEUL GEOFFROY,DIARIATOU,11/05/1994
MONPARLER,LISENN,02/03/1983
MILLONDESVIGNES,ANTTON,24/08/1987
SEFRIAN,RUFFIN,27/01/1969
GREMLER,ISABEL,06/04/1991
LAINGNEZ CORBU,ANNE-FLORENCE,26/02/1972
MAUVENU,KATELINE,21/10/1995
BRUDNIEWICZ,XABIER,17/08/1972
MEWAFI,NASSER,06/07/1970
SPECKBACHER,LIDWINE,24/01/1976
WAARDENBURG,MARIE-ADELINE,22/11/1971
BARTHOID,NOUREDINE,24/04/1971
ILEWSKI,PRIMO,13/03/1987
ATHIA,BURAK,14/12/1998
BINEL,FAZIA,28/05/1970
CAPIERIGGI,JESSY,04/01/1994
MOLINER,ABDUL-KARIM,28/12/1987
CSONTI,JEAN-LOUP,01/12/1993
SJOSTRAND,ABDERRAHIM,20/09/1964
FAISON,HELORI,06/02/1989
LLUANSI,AGNÈS,22/05/1968
CAZAMAJOR,MEZIANE,15/08/1977
AHACHOUM,SAMET,25/06/2000
CHARLOSSE,MARIE-ANGÉLIQUE,07/01/1983
GONCALVES DO SOUTO,TAIEB,10/04/1972
KHOUBAIZ,AYA,28/12/1983
PREUL,CYRIL,11/01/1983
CLERGE DUGILLON,NAGUI,22/12/1994
MICOURAUD,IWAN,22/09/1972
GOESAERT,PURIFICACION,28/04/1964
MORENO POZO,VANESSA,05/09/1985
CABRAL LOPES,ANDREAS,01/10/1969
GIELER,JANICK,24/04/1989
OWUSU EBENEZER,GILBERTE,02/10/1964
EKASALA,RAYLÉ,19/09/1987
THUEILLON,EIDAN,26/11/1987
RACIS,HAFID,16/08/1968
DORONZO,ARLETTE,14/09/1984
TURIAIS,NIKOLAS,06/09/1977
RAIDI,JEAN-ALEXANDRE,11/02/1971
CHAMBEAUDIE,AÉNOR,24/12/1987
DE BEUGHEM,LOWAN,01/09/2000
DEGASQUET,RIZLÈNE,06/10/1990
CAPDIVILA,CARINA,21/12/1994
BAH,MATTHIEU,24/04/1972
ARRIORDAZ,ANGEL,21/12/1997
OLCAYTO,GABRIELE,21/06/1994
STOBBELAERS,RENAUD,02/12/1969
MARANAI,DÉSIRÉ,25/11/1963
EL BASMAKI,ZAHIA,13/10/1966
NGANGUE NSIMALE,HUBERT,09/10/1971
RHOER,FULBERTE,05/11/1965
ALAGIA,TONNY,12/11/1987
MORVEZEN,LARY,24/05/1981
VEESLER,DARIO,01/06/1987
MENARA,OSCAR,20/12/1971
FALI,LOGAN,16/01/1996
DJADOUR,SORIYA,03/10/1985
ALBABA,DRIS,15/10/1971
EZAME,ANNUNZIATA,04/07/1963
ROUSSICHE,MENAHEM-MENDEL,01/12/1987
FREVILLIER,AMANI,08/04/1996
DOTZEL,IOANA,03/09/1980
TISCHHAUSER,JENNY,17/02/1969
BELLOU,STAICY,24/12/2000
DUCOTTERD,KORINE,16/11/1974
LE CRONE,SEVERINE,25/11/1963
OUESLATI SELMA,YORAN,20/06/1987
ZARRAGANE,RABIA,25/07/2000
GATTINI,ALAEDDINE,30/08/1988
BETOIA,MARIE-ANNA,11/12/1977
TEHEO,KAIS,03/05/1987
NUNES MARTINS DE ALMEIDA,NOURDINE,28/05/1969
FARANIAINA TINA,LAURENS,18/06/1963
GUTIERREZ BAUSSART,KELVIN,20/03/1994
MITTEREAU,WLADIMIR,14/11/1964
MOZDASTAN,AMZA,11/04/1992
DECOURBEY,ABDEL,03/11/1987
BOUDIOUANE,JONATHAN,06/01/1966
SAYARI,YAYA,03/09/1979
WLADISLAW,NORMAN,29/12/1968
DOGER DE SPEVILLE,AGATA,16/09/1986
SPASARIS,GLENN,01/07/1981
JAUZE LAMOUSSETTE,MÉLINA,13/08/1976
GLOT,FETHI,01/12/2000
LEBORNE MILHOUD,AURÉANE,05/04/1999
URAIN,ZAIYA,18/09/1967
SANTANO VILLEGAS,CHRISTELLA,27/01/1970
BERNAND CROSSETTE,MARILIA,02/09/1983
GAGNON,NOEMIE,30/06/1967
DE SWART,MYRTA,30/05/1969
SARABIA LOPEZ,MAMA,25/08/1990
SENGIER,VALERE,13/11/1965
L HOMME,BERTHE,12/10/1973
DA CUNHA REGO,CHARLYNE,29/04/1977
KARSHENAS NAJAF ABADI,HELA,05/07/1986
BOICHOT,YANYS,22/04/1987
LAFFORGUE,JEAN-CLÉMENT,26/10/1967
IOATTE,BAUDOUIN,03/06/1976
MALYJUREK,JAMELA,27/07/1968
BELAIBA,MARIE-NADINE,15/09/1980
NUCHLA OR,MARIE-BLANCHE,02/04/1978
BAYI,FULVIA,15/09/1964
PASQUINELLY,MARTA,19/10/1971
KLAILY,FADIME,20/11/1994
CRUZ DE LEMOS,NATACHA,10/08/1972
JNAOU,VELI,29/04/1981
BOYPEN,LORANE,19/05/1983
PACUTA,EZEKIEL,15/06/1996
BADIS,ATHMANE,24/08/1990
LIPPE,LÉONE,06/07/1966
MAROINI,KATELYNE,15/11/1993
SHELEKHOV,VERONIKA,26/10/1979
ALIMAZIGHI,MEHMET-ALI,25/04/1987
TAMUSIC,JOVAN,21/11/1989
RANCINANGUE,KARINA,25/11/1972
ARDRE,CAMILLIA,17/03/1997
BLUNTZER,INAKI,09/04/1979
GAIADUHAUTIER DOME DE FONSECH,HYLAN,02/02/2001
MISCHIERI,BONIFACE,21/08/1963
BRENART,ERDEM,20/01/1987
CONQUI HELLUIN,RAPHAELE,21/02/1982
KALOMBO KALONJI DIPANDA,JOCELYN,30/07/1976
GAYA,SOFYANN,01/04/2001
MAILLET BERNARD,MARVIN,05/09/1994
CANNAVO,JULIE-ANNE,11/09/1968
HUTAREK,KHELIFA,04/08/1977
CHIQUET FERCHAUD,BECHIR,09/12/1991
LACETE,ALBERTINE,28/04/1964
ANTZ RECALT,FERNANDE,11/07/1990
PREAUD,KHEDIDJA,26/12/1965
CHICLY,DAN,07/08/1994
MARTIN DA SILVA,STELLINA,18/09/1976
BENIZ,YVES-MICHEL,29/04/1965
BIECZYSKO,VICTORIN,15/06/1987
DE SOUSA CALEIRA,ABDELWAHAB,20/10/1997
VANDE WEEGHE,VU,16/04/1989
DE GLINIASTY,PENELOPE,23/10/1996
SICULO,BASTIEN,15/04/1987
PHAMANIVANH,ALPHONSINE,04/06/1967
MAZAUDIER,STÉPHAN,17/04/1964
PEREIRA PEIXOTO,M'HAMED,21/04/1971
SIAHI MIANDOAB,NABIA,18/04/1991
HASSON,GAUTIER,03/07/1963
EL ATIFI,IGOR,24/11/1969
PROCH,ULYSSE,29/06/1963
ZOMBUNZAPHAYA,GIULIANA,20/12/1995
HOSAMEEA,LAZHAR,18/09/1980
EBERHART,NORDINE,15/06/1969
BERTHILD,DJEMAL,23/05/1967
CHOUAIMET,ISLEM,06/06/2001
LECAPLIN,FAZILA,16/02/1993
VARICLIER,YUSUF,22/05/1991
DOS AFLITOS,OLIVIA,18/03/1968
MORISEAU,GANAELLE,04/02/1977
MSADAK,IBRAHÎM,25/12/1987
SECOMB,NAOUELLE,04/02/1980
SOLDEVILA,ZAKARI,17/03/1987
VEIROS,YOURI,30/10/1999
STARASSE,JOVANY,25/10/1993
EL KARAA,JEAN-MALO,07/11/1980
MENNEGAND,ABDELRAOUF,26/10/1987
BEKKOUCH,COLAS,27/07/1995
LORICH,LUIS,25/11/1964
WINDEL,AKRAME,02/02/1987
LE FOUILLE,AUBERT,01/05/1964
DENGASC,HAISSA,25/09/1983
BENCHEMMAR,ENES,08/03/1987
PANDIER,CYRIEL,16/10/1987
GACHES DIDES,DORSAF,22/02/1988
PAPAGNO,NAHIMA,29/08/1976
GALEO,PAULO,12/11/1981
FERROLLIET,FADWA,13/08/1987
DAJAS,REINALDO,12/11/1989
ANTONELLI,PAUL-EMMANUEL,08/07/1968
CORTIELLA,MARIE-MIMOSE,02/01/1972
SERETI,CESARE,20/06/1963
LE LEFF,GORKA,20/06/1987
PANKUS,JEAN-CHARLES,08/04/1963
VERNEIN,SOLENN,27/11/1985
BRILLU,YANIK,26/09/1969
BAJOG,PHILIPPE,25/08/1963
VILOSA,THÉO,26/11/1989
MERULLA,BERNARDO,29/01/1963
SANGBOUASY,ARMANCE,08/08/1994
WIEGENER,ALYSSON,03/04/1981
MUANDA MAVUNGU,CINTHIA,05/11/1990
BEGAID,RAMZI,20/01/1967
MUSHIMIYIMANA,AURORA,15/02/1966
KHOUAJA,ASLAM,24/07/2000
BLUDSZUS,YASAR,04/08/1976
WASSIFI,JEANINE,12/02/1968
PRISMALL,JEAN-EDOUARD,30/04/1963
FERRO MALHEIRO,TANIA,13/11/1964
AHMADVAND,WENDA,15/12/1990
VILLEROY,SORIA,02/09/1996
OUANAS,PIERRICK,10/03/1972
BENMHAYA,MÉLANIE,24/01/1966
HALIBERT,ILHAN,06/04/1987
BRUSI,YANICK,08/02/1966
DE SMEYTERE,ABDELJALIL,26/07/1976
FLORIZOONE,JANIS,16/07/1993
KREIKEMEIER,COLLINS,20/12/1987
TIERTANT,MELOUD,11/01/1966
FREJAC,SMAIN,08/02/1967
GANAPINI,WAHBI,29/01/1987
MARTINEZ GABALDON,GHIZLAINE,14/02/2001
NZOUNGOU VOUALA,NOËL,14/11/1998
PRANGERE,DAVOR,11/09/1975
ELAN,JUAN-ANTONIO,16/04/1972
VERRAS,NOURDINE,02/09/1963
SHEARMAN,PIERRE-LOUP,09/04/1997
OUNASSER,DARA,07/09/1979
HOSTACHY,SANDRO,30/01/1973
GENDILLOU,BENITO,11/03/1975
VERKERCKE,HARDY,24/10/2001
MASR,FLAVIAN,28/12/1987
COONTZ,EKREM,20/12/1977
BUANNIC,JAVIER,23/03/1965
GAZALET,KADIJA,30/06/1972
TRYNIECKI,ERNESTO,12/04/1965
MEDIMEGH,FILIP,07/09/1971
FERREIRA PAULINO,AZEDDINE,06/11/1987
BOUKA KOUMBA,IDALINE,18/03/1994
MERZOEVA,ARMANI,13/04/1987
LAROCHE DE FELINE,IZHAQ,23/04/1987
SAYETTAT,RITA,17/01/1963
LE SCIELLOUR,YANIV,27/01/1981
OPLY,ATMANE,07/02/1974
KANSIETOKO NZINGA,CHRISTIAN,03/06/1987
HUTCH,VALENTINE,30/01/1964
GAIDISSO,ABDERRAHMAN,19/01/1990
BENOIST FABIENNE,CASANDRA,29/07/2000
LUZOLO SIASIA,MAZEN,05/02/1987
BELADASI,ZINE,24/02/1980
WIECZOREK,GABRIELA,28/09/1972
TRONCOSO MAULEN,EUSTACHE,02/07/1966
LANZILOTTO,ABDELMADJID,12/02/1968
DELA RACE,GAYLOR,10/08/1987
HANIR,ALVIN,14/11/1993
SANCLOS,IKRAM,04/10/2001
ZEHANCKER,DWEN,17/03/1987
BOURAQBA,EFRAÏM,19/02/1987
DEBAZAC,SEGOLEN,16/08/1982
LE VAILLANT DU DOUET,ALRIC,06/10/1986
QADROUCI,ELISABETH,29/10/1975
SIKILA TANDO,JODIE,07/11/1982
SOVERINA,MARWAN,29/11/1987
FRACAS,CYNDIE,27/01/1991
SEMIOU,MARLONE,29/09/1987
NEYLLIAS,NAZIRA,06/06/2000
HORER,KALID,02/02/1990
DAUTHERIBES,ARY,25/07/1998
COULOUMIERS,ISALYS,19/01/1987
ISHFAQ,ALAIA,24/06/1996
SUKAMA ISALA,AFAF,13/10/1980
ERDRICH,LORRY,28/01/1986
CAFIOT,YVON,10/09/1967
AZULAN,AUBRY,07/11/1968
CHORGNON,MARILYSE,06/01/1965
COUCHI DIT DIODORE,YSSA,10/03/2000
BOZANO,MAITHE,22/09/1994
RENODEAU,YOUSSRI,27/12/1987
LEVECQ BLONDEAU,KEYTAN,10/03/1987
CHENGALRAYEN,ASSINA,24/11/1968
LE PIEZ,FOUZI,11/11/1968
SARRAUTE D'ARRIVERE,ASHLEY,08/09/1993
FERREYROS,CENGIZ,28/08/1981
M'LOA,YANNICK,15/02/1994
LAPOPIN,EFFY,27/01/1987
MURTZAKIS,TOUATI,27/10/1970
MALUZEBI,ASTRID,18/01/1963
TOLLERTON,AYMERI,10/09/1993
ABRISQUETA,ANDREY,18/12/1971
MOTTELER,MAELLA,07/12/1980
WYNCOLL,GERTY,02/11/1970
MOHMOSSA,MARIETTE,12/10/1967
BERTHORELLY,TALINE,08/09/1978
BALIK,SYLVIAN,14/03/1972
GUISSI,INACIO,31/03/1973
RUANT,JEAN-JACQUES,21/04/1996
MONGAUX,CATHLINE,16/08/2001
TEBBANE,CATHERINE,30/06/1971
VARANDA RAPOSO,ROSETTE,01/11/1972
DOSSES FITTE,MILICA,25/03/1988
RENDON,RENAN,31/05/1970
RAMIREZ CHUQUIMIA,DIKRA,02/12/1999
JURECKA,MARIE-ELISE,17/05/1995
SANTOS SILVERIO,GEORGES,02/08/1963
BOENNEKEN,ACHTA,02/07/1987
BATALLER MALONDA,ABOUBAKARI,03/02/2000
ILTGEN,JUNIOR,02/02/1987
GOGLY,DINO,30/08/1963
DUFOURGNIAUD,FRANCISQUE,05/09/1969
DALEIDEN,SANDES,01/05/1994
WIL,NICOLA,11/09/1967
HYTRY,BELHASSEN,17/12/1983
BROUILLET,CHÉRIFA,27/10/1982
TRIFHATE,DESIR,19/12/1968
THESSART,STÉPHAN,26/08/1965
BULITZ,ELIEZER,11/04/1987
MILOSEVIC,SOLÈNE,04/04/1978
BENAKLI,JEAN-FABRICE,25/08/1977
LINDINI,EMMIE,28/04/1993
FAIZANT,ZÉLIE,10/12/1996
GUERECHE,ISMAIL,13/09/1987
BERTIN GUYON,THÉO,12/04/1970
HARCHOUCHE,KAMAL,06/05/1964
BURGUETTE,SAIDI,24/04/1974
BOMFIM,CHRISTOFER,15/06/1983
COTTE GIVRE,CYRIL,15/01/1966
VAFAEI SHALMANI,RAHNIA,14/03/1968
RIATI,MARYAM,25/02/1972
POTEVINS,BIENVENU,13/05/1987
ROUSSINGUE,PABLITO,13/05/1964
CZYZ ZOLADEK,THONY,03/11/1978
OUN YOUNI,GURVAN,31/05/1975
LOUVEAU,MATTIEU,01/12/1991
SCIA,MENOUAR,18/12/1965
NIZAN,CAROLANNE,02/02/1994
GAUSSEN,THIERNO,01/02/1997
IRENGE MULUMEODERHWA,ABIR,11/10/1983
RASSELMA,BASILIO,04/04/1972
CREIS,NAOMIE,27/04/1975
ANGHO,MOHAMED,18/05/1992
BOUARICHE,_PRENOMS_RARES,23/05/1983
SNYKERQUE,JONAS,24/01/1968
MANRY,ALISTER,23/09/1989
PISSEL,JODIE,25/01/1987
BEN HIMOUN,RAOUL,18/10/1980
FERREIRA PRIETO,MAITENA,25/01/1971
MOURISSON,CINDELLE,06/07/1993
FREGNET,MERYLE,13/01/1990
MIROSHNICHENKO TKACHENKO,SAIDOU,08/01/1975
PILAUTI,OZLEM,13/09/1995
DUSOULIE,FRANCO,30/03/1965
BROCHOND,KIEFER,18/12/1994
MUSZKA PETITDEMANGE,ZEINEB,26/11/1999
LIVOIR,JOANY,09/08/1982
COVINHES,JAKY,26/03/1969
JEANNINGROS,OUARI,22/07/1978
LECAUDEY LACHAUSSEE,TATIANA,08/12/2001
JAKOBSEN,NATHALIA,06/10/1992
MAHOUX CALAS,AOMAR,17/09/1967
PHEDRE PARFAITE,MERWAN,01/09/1989
ABDILLAH ALI TOIHIRI,MARCEAU,02/09/1996
HUMBERT BRUN,MAHÉVA,08/12/1998
DAEYE,HAFIDE,04/03/1986
DE LAMADRID,JOREL,06/10/1994
ALKOFER,SI,27/10/1964
MAGALHAES GOMES QUINTELA,DOMINIC,27/11/1966
LUBLINER MAURICE MOSCHE,SOMAIA,10/01/1989
MARTIN T,MARIJANA,03/12/1981
MANTEL SOTO,LE,28/10/1970
ZICHI,TERRY,11/03/1980
GADMER,EVE-LAURE,22/08/1986
TEIKI,GERVAISE,15/05/1972
SCHONARD,RUBY,24/08/1991
ABBIOLO,ROSANA,16/03/1972
FALTERMAIER,TERRENCE,20/07/1999
GAGNEAUD,MARIE-BENEDICTE,10/12/1978
HUGUES DE VALAURIE,LINA,27/02/1975
MALACHET,JEAN-PHILIPPE,01/02/1965
ODINETZ,KARENE,14/09/1970
LEBRIER,SHANESE,24/07/1998
CHERCHIR,SHANI,24/05/1999
PIROLET,SÉVERINE,08/09/1969
TOPRIDES,CHIARA,19/09/1994
FEGGATA,JANICK,26/10/1993
HUILLISEN,EVANS,23/02/1972
PICHEGRU,MARIE-MONIQUE,14/04/1968
AIT OUKAROU,CHARLYNE,12/05/1965
BELLEZGHARI,LORY,23/10/1986
FALEMPIN,BRUNELLA,24/08/1968
SUAREZ PARDO,JOANY,06/01/1964
AULNEAU,LILIANE,29/02/1968
VANNESON,CATALINA,21/05/1971
ASPER,AXEL,13/09/1965
RAVONISON,JIHAD,26/09/1995
FARNELL,HARRIS,01/10/1975
SOUTHWARD,PARFAIT,30/03/1967
VVE MOURGUES,RENÉ-CLAUDE,13/01/1970
FERNOUX CORNELY,KALIDOU,19/05/1992
MEROZ,AURÉLIEN,27/11/1972
HINSTIN,ERKAN,27/07/1988
WRANGELL,SALVATOR,23/04/1985
CADENNES,SOILIHI,06/12/2001
FIGOROTO,LIONNEL,16/02/1969
LAGROLIERE,ABDOU,01/03/1993
RNKOVIC,ANICÉE,21/12/1986
ORLIANGE,JEAN-ALAIN,20/05/1963
SCHAFFERNICHT,SOPHIE,14/08/2001
BALS,RIKA,12/05/1980
KEDVES,MARIN,01/02/1987
BAZARNICK,MAMADOU,10/07/1975
CAPITULINO,FATOU,15/07/1979
HASBROUCQ DELZENNE,HYLAN,05/02/1987
POTDEFER,PASQUALE,21/10/1980
NGOC TICH,ANNELYSE,05/04/1989
MARAK GAREY,ILYASS,04/06/1996
RADA REQUENA,FRANCESCU-MARIA,15/01/1987
BERGESIO,MALEK,27/08/1985
TOMPSON,ROCKY,13/10/1978
LAUNAIS ORCIER,FATIH,27/04/1992
DE PASSEMAR DE SAINT ANDRE,MAMADY,12/11/1982
DRET,CARMELO,04/10/1967
EL MOUTAA,FRANCKY,14/12/1972
BARTHELAY,AYMELINE,28/03/1995
GAUDAU,AIDEE,28/07/1972
STAMATIS,DAOUIA,12/11/1967
HOUDAR,EDMEE,14/02/1987
CIARDULLO,CHAYMA,08/12/1988
SE TCHIAO,SOIZIG,07/11/1977
PAINTIAUX,ALETH,23/05/1964
SOUVIGNIER RISSER,PIERRE-JOSEPH,16/07/1995
MELINGUI EVENGA,BRIEUC,04/09/1968
MOUSTAID HOUNTONDJI,FANNY,19/04/1979
ACOSTA ORJUELA,ROHAT,16/03/2000
CURIEUX,FAOUZI,05/01/1971
GIBBESE,DELLA,28/12/1989
DELBUEY,ANAELI,19/09/1987
GIRASCHI,NANI,13/10/1987
RAMIREZ APALATEGUI,EMERSON,11/02/1987
BOCCHIO,SELCUK,20/12/1985
BOUADILA,SHARA,03/11/1994
ZINGRAFF,VICENTE,26/11/1994
BATLONGUE LESPIELLE,NOËMIE,26/08/1981
HAN JIN,DJESTON,28/11/1987
PENET CARRU,LISE-MARIE,17/08/1984
GEISEL,JENNA,02/04/1994
HENINI,HEINRICK,28/04/1980
FLOUREZ,NAFISSA,20/06/1983
MAKANGOU,KLEBER,27/04/1963
KHUSHNOODA,SAJID,01/05/1994
BRUGERAS,JEZABELLE,29/06/1978
SETTEMBRINI,MINH,13/09/1963
DAPY,MEHDY,13/10/1993
CRENONINI,MARO,20/04/1997
HORTOBAGYI,TIANA,11/07/1994
LOCHEREAU,CHARLETTE,08/12/1971
ALPHON LAYRE,NICOLINA,14/02/1968
DANJIN,DIDIER,10/06/1987
GIANONE,CORALINE,17/05/1966
ASKRABA,DOLENE,21/11/1968
AL QAMRI,CHARLES-LOUIS,30/05/1987
FROLOFF,LINDA,28/05/1982
PENCREAC,SALIHA,01/12/1971
LEBOULEUX,HUMBERT,18/07/1966
DEHAME,CELIAN,25/05/1991
THERAMENE,NAHO,14/06/1987
SOLEYMANI SORMI,NORBERT,09/09/1975
MARTIN DE VIDALES,SILOÉ,01/09/1987
BAROM,MARIANICK,25/05/1975
FANDEU LAHOCK,VANIA,25/12/1966
KLAUER,OIHANA,14/02/1977
LARGHERO,GUILLEM,13/01/1976
KILE,COLIN,10/10/1975
DELL'AGNOLA,DEAN,19/07/1964
GABARINI,FLORIMONT,17/03/1988
DUPEY,GÉRALDINE,17/09/1963
CANDULLO,ANNY,18/01/1993
CHADUIRON,LUDIVINE,21/01/1985
LE MECHEN,CLAIRE-ANNE,04/04/1997
LE CHERTRIER,ANTONI,23/04/2001
MUBIAYI NGALAMULUME,LAÏLA,19/07/1971
TANKEU TCHAMBA,EOLIA,15/09/1987
CONFLIT,HANAN,02/11/1981
CALASSA DA COSTA,PIERRE-FRANÇOIS,02/08/1963
MEGARISSE,MAIXENT,24/10/1991
TUSOLA,RUI-MANUEL,29/07/1974
MESSI NDI,YAKIN,08/12/1987
BARBELO,CAPUCINE,18/03/1987
SAINT JULHAN,VIVIENNE,05/12/1979
JOCHUM ZOLLNER,YASIN,06/07/2000
CILLARD,MEDINA,26/08/1998
AATIR,JUDICAEL,29/06/1987
DE GINISTY,ALICIO,18/08/1987
REGENT,STEFANIE,13/03/1974
NOUGAIREDES,KENNETH,09/12/1991
INDIVISION MARTIN BERAUD,JACQUES,23/01/1987
KASZYNSKA,SALMA,18/06/1985
CARRATALA CRESPO,ANTONINO,20/03/1971
PARZIN BAGHDADI,FARES,01/03/1966
BABOU DE LA BOURDAISIERE,GILDO,10/02/1965
CHEHAIRI,JACKIE,12/10/1965
BARTA,ANASTACIA,02/07/1987
LAURARD,ALESIA,25/02/1987
CANNAZZARO,MERYAM,05/07/1969
SEPVAL,LILIA,28/09/1968
ABDULGHANI,KAITLINE,25/02/2000
BAHABANIAN,EMERIK,09/02/1987
NYS ROBERT,LOUNES,10/07/1967
VOITOT,MARYLAINE,31/01/1969
GAFFOOR,THAMEUR,02/12/2001
DEBAIFFE,NADJIMA,11/10/1978
BIKOUTA N SILOULOU,JOEMY,09/10/2000
DEBLANGY,KARIN,22/10/1969
VAN MOORLERGHEM,BARNABE,03/02/1964
VANBUSTEL,JULIEN,29/11/1966
MARTINSAMORIM,ELORIE,23/12/1996
LEROEYE,AMANI,24/09/1998
COUCOURRON,PAUL-ALEXANDRE,23/10/1994
BURELLE,GWENN,15/01/1971
CHOVRAQUI,MOHAMED-MEHDI,08/05/1987
LOUTTOU,ISMA,11/05/1982
DURNEVA,YANNICE,17/05/1989
KEEDWELL,ALLANDE,24/08/1987
MIGRA,CHRYSTELE,13/04/1966
AIT KEDDOUR,ANH,06/10/1987
DEVERRES,CORRADO,01/02/1985
COSPIN,AZEDINE,30/09/1973
MORCHOUANE,TEEDJY,07/05/1987
KLUKOWSKI,ANNE-SYLVIE,25/11/1982
TCHAKONTE NJILA,YAELLE,23/07/1970
PANISI,CLARA-LOU,27/08/2001
KHANN,MATHURINE,22/09/1967
LINSCHOOTEN,GULAY,29/05/1992
STREITBERGER,JOËL,05/03/1985
MALHERBE RAGON,CHRISTOPHER,07/08/1971
EFFIE,JOCELIN,25/09/1972
FERNANDES AMADO,ATMANE,17/04/1981
DU CHALARD DE TAVEAU,SONDOS,26/10/1975
ICHOUTI,ABDERAHIM,03/03/1966
DRENNTEL,NOEMIA,06/07/1971
BORZACCHI,MARCELLINE,01/06/1976
EL MOUHSINE,GWENHAELLE,22/08/1969
BELAUSTEGUY,MICK,13/05/1987
SEGURA ORTEGA,ANDREAS,11/03/1966
URIBE GUTIERREZ,RANY,24/09/1994
KRYGIER,DÉBORA,25/04/1975
SCHILLIO,ABED,19/01/1971
KHAN BIBI,HADDA,08/05/1968
SULLLIVAN,NIAKALE,30/08/1987
LULURGA,SYLVIE,13/08/1966
ZENINE,_PRENOMS_RARES,22/09/1964
DETEMPLE,BARIZA,07/10/1970
BATASAGHO,VARUN,10/03/1987
AMZAZ,HÉLÉNA,11/08/1981
TOMICKI,GWÉNAËL,06/07/1976
